Series_Title,Released_Year,Certificate,Runtime,Genre,IMDB_Rating,Meta_score,No_of_Votes,Gross,Predicted_Gross,Rating_Score
The Shawshank Redemption,1994.0,A,142,Drama,9.3,80.0,2343110,28341469.0,386976769.0462923,8.65
The Godfather,1972.0,A,175,"Crime, Drama",9.2,100.0,1620367,134966411.0,226335584.56106973,9.6
The Dark Knight,2008.0,UA,152,"Action, Crime, Drama",9.0,84.0,2303232,534858444.0,414297791.2168423,8.7
The Godfather: Part II,1974.0,A,202,"Crime, Drama",9.0,90.0,1129952,57300000.0,133570375.63044274,9.0
12 Angry Men,1957.0,U,96,"Crime, Drama",9.0,96.0,689845,4360000.0,28267207.851665616,9.3
The Lord of the Rings: The Return of the King,2003.0,U,201,"Action, Adventure, Drama",8.9,94.0,1642758,377845905.0,268555535.7521001,9.15
Pulp Fiction,1994.0,A,154,"Crime, Drama",8.9,94.0,1826188,107928762.0,312444317.4930428,9.15
Schindler's List,1993.0,A,195,"Biography, Drama, History",8.9,94.0,1213505,96898818.0,165849374.11744452,9.15
Inception,2010.0,UA,148,"Action, Adventure, Sci-Fi",8.8,74.0,2067042,292576195.0,382360285.1597428,8.100000000000001
Fight Club,1999.0,A,139,Drama,8.8,66.0,1854740,37030102.0,331563380.93924654,7.7
The Lord of the Rings: The Fellowship of the Ring,2001.0,U,178,"Action, Adventure, Drama",8.8,92.0,1661481,315544750.0,285322841.92996323,9.0
Forrest Gump,1994.0,UA,142,"Drama, Romance",8.8,82.0,1809221,330252182.0,320672177.44981754,8.5
"Il buono, il brutto, il cattivo",1966.0,A,161,Western,8.8,90.0,688390,6100000.0,52494087.02032089,8.9
The Lord of the Rings: The Two Towers,2002.0,UA,179,"Action, Adventure, Drama",8.7,87.0,1485555,342551365.0,255517027.6962649,8.7
The Matrix,1999.0,A,136,"Action, Sci-Fi",8.7,73.0,1676426,171479930.0,301186196.641778,8.0
Goodfellas,1990.0,A,146,"Biography, Crime, Drama",8.7,90.0,1020727,46836394.0,144298935.5680474,8.85
Star Wars: Episode V - The Empire Strikes Back,1980.0,UA,124,"Action, Adventure, Fantasy",8.7,82.0,1159315,290475067.0,177458497.71117425,8.45
One Flew Over the Cuckoo's Nest,1975.0,A,133,Drama,8.7,83.0,918088,112000000.0,119740789.84974276,8.5
Gisaengchung,2019.0,A,132,"Comedy, Drama, Thriller",8.6,96.0,552778,53367844.0,44621596.99081004,9.1
Interstellar,2014.0,UA,169,"Adventure, Drama, Sci-Fi",8.6,74.0,1512360,188020017.0,274218091.3512597,8.0
Cidade de Deus,2002.0,A,130,"Crime, Drama",8.6,79.0,699256,7563397.0,79668977.30945909,8.25
Sen to Chihiro no kamikakushi,2001.0,U,125,"Animation, Adventure, Family",8.6,96.0,651376,10055859.0,68212863.97054875,9.1
Saving Private Ryan,1998.0,R,169,"Drama, War",8.6,91.0,1235804,216540909.0,208047312.72645375,8.85
The Green Mile,1999.0,A,189,"Crime, Drama, Fantasy",8.6,61.0,1147794,136801374.0,186989406.81673145,7.35
La vita 猫 bella,1997.0,U,116,"Comedy, Drama, Romance",8.6,59.0,623629,57598247.0,61573917.08636439,7.25
Se7en,1995.0,A,127,"Crime, Drama, Mystery",8.6,65.0,1445096,100125643.0,258124022.6873401,7.55
The Silence of the Lambs,1991.0,A,118,"Crime, Drama, Thriller",8.6,85.0,1270197,130742922.0,216276429.39448103,8.55
Star Wars,1977.0,UA,121,"Action, Adventure, Fantasy",8.6,90.0,1231473,322740140.0,207011046.5010816,8.8
Shichinin no samurai,1954.0,U,207,"Action, Adventure, Drama",8.6,98.0,315744,269061.0,-12092863.51828134,9.2
Joker,2019.0,A,122,"Crime, Drama, Thriller",8.5,59.0,939252,335451311.0,149379653.72209084,7.2
Whiplash,2014.0,A,106,"Drama, Music",8.5,88.0,717585,13092000.0,96342012.21214402,8.65
The Intouchables,2011.0,UA,112,"Biography, Comedy, Drama",8.5,57.0,760360,13182281.0,106576666.51606834,7.1
The Prestige,2006.0,U,130,"Drama, Mystery, Sci-Fi",8.5,66.0,1190259,53089891.0,209437394.75926483,7.55
The Departed,2006.0,A,151,"Crime, Drama, Thriller",8.5,85.0,1189773,132384315.0,209321110.90206528,8.5
The Pianist,2002.0,R,150,"Biography, Drama, Music",8.5,85.0,729603,32572577.0,99217525.37227404,8.5
Gladiator,2000.0,UA,155,"Action, Adventure, Drama",8.5,67.0,1341460,187705427.0,245614834.0440725,7.6
American History X,1998.0,R,119,Drama,8.5,62.0,1034705,6719864.0,172218425.37077546,7.35
The Usual Suspects,1995.0,A,106,"Crime, Mystery, Thriller",8.5,77.0,991208,23341568.0,161811020.15142322,8.1
L茅on,1994.0,A,110,"Action, Crime, Drama",8.5,64.0,1035236,19501238.0,172345476.2517897,7.45
The Lion King,1994.0,U,88,"Animation, Adventure, Drama",8.5,88.0,942045,422783777.0,150047927.00019395,8.65
Terminator 2: Judgment Day,1991.0,U,137,"Action, Sci-Fi",8.5,75.0,995506,204843350.0,162839390.55933118,8.0
Nuovo Cinema Paradiso,1988.0,U,155,"Drama, Romance",8.5,80.0,230763,11990401.0,-20138522.62233901,8.25
Back to the Future,1985.0,U,116,"Adventure, Comedy, Sci-Fi",8.5,87.0,1058081,210609762.0,177811535.3417523,8.6
Once Upon a Time in the West,1968.0,U,165,Western,8.5,80.0,302844,5321508.0,-2891903.8758476973,8.25
Psycho,1960.0,A,109,"Horror, Mystery, Thriller",8.5,97.0,604211,32000000.0,69215333.14602816,9.1
Casablanca,1942.0,U,102,"Drama, Romance, War",8.5,100.0,522093,1024560.0,49567189.55445242,9.25
Modern Times,1936.0,G,87,"Comedy, Drama, Family",8.5,96.0,217881,163245.0,-23220762.639712453,9.05
City Lights,1931.0,G,87,"Comedy, Drama, Romance",8.5,99.0,167839,19181.0,-35194171.6561234,9.2
Capharna眉m,2018.0,A,126,Drama,8.4,75.0,62635,1661096.0,-48078531.262536645,7.95
Kimi no na wa.,2016.0,U,106,"Animation, Drama, Fantasy",8.4,79.0,194838,5017246.0,-16446690.16512704,8.15
Dangal,2016.0,U,161,"Action, Biography, Drama",8.4,77.97153024911032,156479,12391761.0,-25624740.532028917,8.098576512455516
Spider-Man: Into the Spider-Verse,2018.0,U,117,"Animation, Action, Adventure",8.4,87.0,375110,190241310.0,26686485.77121508,8.55
Avengers: Endgame,2019.0,UA,181,"Action, Adventure, Drama",8.4,78.0,809955,858373000.0,130730629.56525218,8.1
Avengers: Infinity War,2018.0,UA,149,"Action, Adventure, Sci-Fi",8.4,68.0,834477,678815482.0,136597939.74271166,7.6
Coco,2017.0,U,105,"Animation, Adventure, Family",8.4,81.0,384171,209726015.0,28854485.83311701,8.25
Django Unchained,2012.0,A,165,"Drama, Western",8.4,81.0,1357682,162805434.0,261783732.96503043,8.25
The Dark Knight Rises,2012.0,UA,164,"Action, Adventure",8.4,78.0,1516346,448139099.0,299746823.332718,8.1
3 Idiots,2009.0,UA,170,"Comedy, Drama",8.4,67.0,344445,6532908.0,19349357.20944214,7.550000000000001
Taare Zameen Par,2007.0,U,165,"Drama, Family",8.4,77.97153024911032,168895,1223869.0,-22653999.027937174,8.098576512455516
WALL路E,2008.0,U,98,"Animation, Adventure, Family",8.4,95.0,999790,223808164.0,176151917.69582987,8.95
The Lives of Others,2006.0,A,137,"Drama, Mystery, Thriller",8.4,89.0,358685,11286112.0,22756522.078825712,8.65
Oldeuboi,2003.0,A,101,"Action, Drama, Mystery",8.4,77.0,515451,707481.0,60265483.30872607,8.05
Memento,2000.0,UA,113,"Mystery, Thriller",8.4,80.0,1125712,25544867.0,206280921.53589416,8.2
Mononoke-hime,1997.0,U,134,"Animation, Action, Adventure",8.4,76.0,343171,2375308.0,19044530.80188632,8.0
Once Upon a Time in America,1984.0,A,229,"Crime, Drama",8.4,77.97153024911032,311365,5321508.0,11434398.369610071,8.098576512455516
Raiders of the Lost Ark,1981.0,A,115,"Action, Adventure",8.4,85.0,884112,248159971.0,148473967.01039803,8.45
The Shining,1980.0,A,146,"Drama, Horror",8.4,66.0,898237,44017374.0,151853616.15225494,7.5
Apocalypse Now,1979.0,R,147,"Drama, Mystery, War",8.4,94.0,606398,83471511.0,82026116.97275877,8.9
Alien,1979.0,R,117,"Horror, Sci-Fi",8.4,89.0,787806,78900000.0,125431100.44362462,8.65
Dr. Strangelove or: How I Learned to Stop Worrying and Love the Bomb,1964.0,A,95,Comedy,8.4,97.0,450474,275902.0,44718618.72179246,9.05
Witness for the Prosecution,1957.0,U,116,"Crime, Drama, Mystery",8.4,77.97153024911032,108862,8175000.0,-37017926.59842193,8.098576512455516
Rear Window,1954.0,U,112,"Mystery, Thriller",8.4,100.0,444074,36764313.0,43187308.66813696,9.2
The Great Dictator,1940.0,Passed,125,"Comedy, Drama, War",8.4,77.97153024911032,203150,288475.0,-14457901.232941866,8.098576512455516
1917,2019.0,R,119,"Drama, Thriller, War",8.3,78.0,425844,159227644.0,51112974.15651047,8.05
Andhadhun,2018.0,UA,139,"Crime, Drama, Music",8.3,77.97153024911032,71875,1373943.0,-33580195.903238535,8.048576512455515
Jagten,2012.0,R,115,Drama,8.3,77.0,281623,687185.0,16605619.898970842,8.0
Jodaeiye Nader az Simin,2011.0,PG-13,123,Drama,8.3,95.0,220002,7098492.0,1861736.021422863,8.9
Incendies,2010.0,R,131,"Drama, Mystery, War",8.3,80.0,150023,6857096.0,-14881943.079320908,8.15
Inglourious Basterds,2009.0,A,153,"Adventure, Drama, War",8.3,69.0,1267869,120540719.0,252581934.77046287,7.6
Eternal Sunshine of the Spotless Mind,2004.0,UA,108,"Drama, Romance, Sci-Fi",8.3,89.0,911664,34400301.0,167353763.260718,8.600000000000001
Am茅lie,2001.0,U,122,"Comedy, Romance",8.3,69.0,703810,33225499.0,117621119.52751245,7.6
Snatch,2000.0,UA,104,"Comedy, Crime",8.3,55.0,782001,30328156.0,136329660.84085286,6.9
Requiem for a Dream,2000.0,A,102,Drama,8.3,68.0,766870,3635482.0,132709308.89993703,7.550000000000001
American Beauty,1999.0,UA,122,Drama,8.3,84.0,1069738,130096601.0,205175685.98283425,8.350000000000001
Good Will Hunting,1997.0,U,126,"Drama, Romance",8.3,70.0,861606,138433435.0,155376525.96917295,7.65
Bacheha-Ye aseman,1997.0,PG,89,"Drama, Family, Sport",8.3,77.0,65341,933933.0,-35143567.76114237,8.0
Toy Story,1995.0,U,81,"Animation, Adventure, Comedy",8.3,95.0,887429,191796233.0,161555122.76847708,8.9
Braveheart,1995.0,A,178,"Biography, Drama, History",8.3,68.0,959181,75600000.0,178723022.6075226,7.550000000000001
Reservoir Dogs,1992.0,R,99,"Crime, Drama, Thriller",8.3,79.0,918562,2832029.0,169004228.3779236,8.100000000000001
Full Metal Jacket,1987.0,UA,116,"Drama, War",8.3,76.0,675146,46357676.0,110762764.62470268,7.95
Aliens,1986.0,U,137,"Action, Adventure, Sci-Fi",8.3,84.0,652719,85160248.0,105396719.22261952,8.350000000000001
Amadeus,1984.0,R,160,"Biography, Drama, History",8.3,88.0,369007,51973029.0,37513744.544070005,8.55
Scarface,1983.0,A,170,"Crime, Drama",8.3,65.0,740911,45598982.0,126498171.7619927,7.4
Star Wars: Episode VI - Return of the Jedi,1983.0,U,131,"Action, Adventure, Fantasy",8.3,58.0,950470,309125409.0,176638766.0641799,7.050000000000001
Das Boot,1981.0,R,149,"Adventure, Drama, Thriller",8.3,86.0,231855,11487676.0,4697770.094231963,8.45
Taxi Driver,1976.0,A,114,"Crime, Drama",8.3,94.0,724636,28262574.0,122604098.14898586,8.850000000000001
The Sting,1973.0,U,129,"Comedy, Crime, Drama",8.3,83.0,241513,159600000.0,7008612.672076583,8.3
A Clockwork Orange,1971.0,A,136,"Crime, Drama, Sci-Fi",8.3,77.0,757904,6207725.0,130564039.22164392,8.0
2001: A Space Odyssey,1968.0,U,149,"Adventure, Sci-Fi",8.3,84.0,603517,56954992.0,93624294.65075088,8.350000000000001
Per qualche dollaro in pi霉,1965.0,U,132,Western,8.3,74.0,232772,15000000.0,4917178.112857342,7.85
Lawrence of Arabia,1962.0,U,228,"Adventure, Biography, Drama",8.3,100.0,268085,44824144.0,13366420.601097584,9.15
The Apartment,1960.0,U,125,"Comedy, Drama, Romance",8.3,94.0,164363,18600000.0,-11450851.490349054,8.850000000000001
North by Northwest,1959.0,U,136,"Adventure, Mystery, Thriller",8.3,98.0,299198,13275000.0,20810740.866626386,9.05
Vertigo,1958.0,A,128,"Mystery, Romance, Thriller",8.3,100.0,364368,3200000.0,36403784.02236557,9.15
Singin' in the Rain,1952.0,G,103,"Comedy, Musical, Romance",8.3,99.0,218957,8819028.0,1611701.8017243147,9.1
Double Indemnity,1944.0,Passed,107,"Crime, Drama, Film-Noir",8.3,95.0,143525,5720000.0,-16436701.31817305,8.9
Citizen Kane,1941.0,UA,119,"Drama, Mystery",8.3,100.0,403351,1585634.0,45731137.11949897,9.15
M - Eine Stadt sucht einen M枚rder,1931.0,Passed,117,"Crime, Mystery, Thriller",8.3,77.97153024911032,143434,28877.0,-16458474.632998466,8.048576512455515
The Kid,1921.0,Passed,68,"Comedy, Drama, Family",8.3,77.97153024911032,113314,5450000.0,-23665202.57301485,8.048576512455515
Chhichhore,2019.0,UA,143,"Comedy, Drama",8.2,77.97153024911032,33893,898575.0,-30380536.06795907,7.998576512455515
Uri: The Surgical Strike,2018.0,UA,138,"Action, Drama, War",8.2,77.97153024911032,43444,4186168.0,-28095295.080074072,7.998576512455515
Green Book,2018.0,UA,130,"Biography, Comedy, Drama",8.2,69.0,377884,85080171.0,51925225.91126263,7.55
"Three Billboards Outside Ebbing, Missouri",2017.0,A,115,"Comedy, Crime, Drama",8.2,88.0,432610,54513740.0,65019362.47319269,8.5
Talvar,2015.0,UA,132,"Crime, Drama, Mystery",8.2,77.97153024911032,31142,342370.0,-31038760.123835087,7.998576512455515
Baahubali 2: The Conclusion,2017.0,UA,167,"Action, Drama",8.2,77.97153024911032,75348,20186659.0,-20461714.462601304,7.998576512455515
Drishyam,2015.0,UA,163,"Crime, Drama, Mystery",8.2,77.97153024911032,70367,739478.0,-21653504.365297794,7.998576512455515
Queen,2013.0,UA,146,"Adventure, Comedy, Drama",8.2,77.97153024911032,60701,1429534.0,-23966261.080709457,7.998576512455515
Bhaag Milkha Bhaag,2013.0,U,186,"Biography, Drama, Sport",8.2,77.97153024911032,61137,1626289.0,-23861940.583304167,7.998576512455515
Udaan,2010.0,UA,134,Drama,8.2,77.97153024911032,42341,7461.0,-28359206.797133803,7.998576512455515
Paan Singh Tomar,2012.0,UA,135,"Action, Biography, Crime",8.2,77.97153024911032,33237,39567.0,-30537495.348458767,7.998576512455515
El secreto de sus ojos,2009.0,R,129,"Drama, Mystery, Romance",8.2,80.0,193217,6391436.0,7740470.649011731,8.1
Warrior,2011.0,UA,140,"Action, Drama, Sport",8.2,71.0,435950,13657115.0,65818514.90744412,7.649999999999999
Shutter Island,2010.0,A,138,"Mystery, Thriller",8.2,63.0,1129894,128012934.0,231856549.88774583,7.25
Up,2009.0,U,96,"Animation, Adventure, Comedy",8.2,88.0,935507,293004164.0,185346117.48150572,8.5
The Wolf of Wall Street,2013.0,A,180,"Biography, Crime, Drama",8.2,75.0,1187498,116900694.0,245639297.4394292,7.85
Chak De! India,2007.0,U,153,"Drama, Family, Sport",8.2,68.0,74129,1113541.0,-20753381.17438352,7.5
There Will Be Blood,2007.0,A,158,Drama,8.2,93.0,517359,40222514.0,85297018.05713832,8.75
Pan's Labyrinth,2006.0,UA,118,"Drama, Fantasy, War",8.2,98.0,618623,37634615.0,109526171.38110292,9.0
Toy Story 3,2010.0,U,103,"Animation, Adventure, Comedy",8.2,92.0,757032,415004880.0,142642904.69616663,8.7
V for Vendetta,2005.0,A,132,"Action, Drama, Sci-Fi",8.2,62.0,1032749,70511035.0,208612938.1436262,7.199999999999999
Rang De Basanti,2006.0,UA,167,"Comedy, Crime, Drama",8.2,77.97153024911032,111937,2197331.0,-11707167.032413485,7.998576512455515
Black,2005.0,U,122,Drama,8.2,77.97153024911032,33354,733094.0,-30509501.08654034,7.998576512455515
Batman Begins,2005.0,UA,140,"Action, Adventure",8.2,70.0,1308302,206852432.0,274543731.7709608,7.6
"Swades: We, the People",2004.0,U,210,Drama,8.2,77.97153024911032,83005,1223240.0,-18629645.543720007,7.998576512455515
Der Untergang,2004.0,R,156,"Biography, Drama, History",8.2,82.0,331308,5509040.0,40781116.99578452,8.2
Hauru no ugoku shiro,2004.0,U,119,"Animation, Adventure, Family",8.2,80.0,333915,4711096.0,41404886.57545328,8.1
A Beautiful Mind,2001.0,UA,135,"Biography, Drama",8.2,72.0,848920,170742341.0,164628688.79152584,7.699999999999999
"Lock, Stock and Two Smoking Barrels",1998.0,A,107,"Action, Comedy, Crime",8.2,66.0,535216,3897569.0,89569612.3740331,7.399999999999999
L.A. Confidential,1997.0,A,138,"Crime, Drama, Mystery",8.2,90.0,531967,64616940.0,88792233.25460708,8.6
Heat,1995.0,A,170,"Crime, Drama, Thriller",8.2,76.0,577113,67436818.0,99594190.07997157,7.899999999999999
Casino,1995.0,A,178,"Crime, Drama",8.2,73.0,466276,42438300.0,73074531.88981247,7.75
Unforgiven,1992.0,A,130,"Drama, Western",8.2,85.0,375935,101157447.0,51458894.14648533,8.35
Indiana Jones and the Last Crusade,1989.0,U,127,"Action, Adventure",8.2,65.0,692366,197171806.0,127170452.20715284,7.35
Dom za vesanje,1988.0,R,142,"Comedy, Crime, Drama",8.2,77.97153024911032,26402,280015.0,-32172886.632323623,7.998576512455515
Tonari no Totoro,1988.0,U,86,"Animation, Family, Fantasy",8.2,86.0,291180,1105564.0,31179802.95936429,8.399999999999999
Die Hard,1988.0,A,132,"Action, Thriller",8.2,72.0,793164,83008852.0,151288107.01783562,7.699999999999999
Ran,1985.0,U,162,"Action, Drama, War",8.2,96.0,112505,4135750.0,-11571263.2651515,8.899999999999999
Raging Bull,1980.0,A,129,"Biography, Drama, Sport",8.2,89.0,321860,23383987.0,38520520.5290755,8.55
Stalker,1979.0,U,162,"Drama, Sci-Fi",8.2,77.97153024911032,116945,234723.0,-10508916.915428042,7.998576512455515
Monty Python and the Holy Grail,1975.0,PG,91,"Adventure, Comedy, Fantasy",8.2,91.0,500875,1229197.0,81352937.60019183,8.649999999999999
The Great Escape,1963.0,U,172,"Adventure, Drama, History",8.2,86.0,224730,12100000.0,15280497.792894006,8.399999999999999
Some Like It Hot,1959.0,U,121,"Comedy, Music, Romance",8.2,98.0,243943,25000000.0,19877538.427407146,9.0
Dial M for Murder,1954.0,A,105,"Crime, Thriller",8.2,75.0,158335,12562.0,-605647.6778026819,7.85
All About Eve,1950.0,Passed,138,Drama,8.2,98.0,120539,10177.0,-9648990.613422036,9.0
The Treasure of the Sierra Madre,1948.0,Passed,126,"Adventure, Drama, Western",8.2,98.0,114304,5014000.0,-11140821.579756737,9.0
The Gold Rush,1925.0,Passed,95,"Adventure, Comedy, Drama",8.2,77.97153024911032,101053,5450000.0,-14311351.192411425,7.998576512455515
Sherlock Jr.,1924.0,Passed,45,"Action, Comedy, Romance",8.2,77.97153024911032,41985,977375.0,-28444385.918868303,7.998576512455515
Portrait de la jeune fille en feu,2019.0,R,122,"Drama, Romance",8.1,95.0,63134,3759854.0,-11096617.523791432,8.8
Pink,2016.0,UA,136,"Drama, Thriller",8.1,77.97153024911032,39216,1241223.0,-16819410.314937234,7.948576512455515
Ah-ga-ssi,2016.0,A,145,"Drama, Romance, Thriller",8.1,84.0,113649,2006788.0,989964.87627244,8.25
Mommy,2014.0,R,139,Drama,8.1,74.0,50700,3492754.0,-14071665.83740914,7.75
Haider,2014.0,UA,160,"Action, Crime, Drama",8.1,77.97153024911032,50445,901610.0,-14132678.97235942,7.948576512455515
Logan,2017.0,A,137,"Action, Drama, Sci-Fi",8.1,77.0,647884,226277068.0,128814875.26918817,7.9
Room,2015.0,R,118,"Drama, Thriller",8.1,86.0,371538,14677674.0,62694342.75551772,8.35
Relatos salvajes,2014.0,R,122,"Comedy, Drama, Thriller",8.1,77.0,177059,3107072.0,16161897.76725638,7.9
PK,2014.0,UA,153,"Comedy, Drama, Musical",8.1,77.97153024911032,163061,10616104.0,12812635.55927658,7.948576512455515
OMG: Oh My God!,2012.0,U,125,"Comedy, Drama, Fantasy",8.1,77.97153024911032,51739,923221.0,-13823067.220885992,7.948576512455515
The Grand Budapest Hotel,2014.0,UA,99,"Adventure, Comedy, Crime",8.1,88.0,707630,59100318.0,143110133.15445423,8.45
Gone Girl,2014.0,A,149,"Drama, Mystery, Thriller",8.1,79.0,859695,167767189.0,179494299.29650545,8.0
Hacksaw Ridge,2016.0,A,139,"Biography, Drama, History",8.1,71.0,435928,67209615.0,78100757.49846768,7.6
Inside Out,2015.0,U,95,"Animation, Adventure, Comedy",8.1,94.0,616228,356461711.0,121240632.91629446,8.75
Barfi!,2012.0,U,151,"Comedy, Drama, Romance",8.1,77.97153024911032,75721,2804874.0,-8084961.329203606,7.948576512455515
12 Years a Slave,2013.0,A,134,"Biography, Drama, History",8.1,96.0,640533,56671993.0,127056022.11224724,8.85
Rush,2013.0,UA,123,"Action, Biography, Drama",8.1,74.0,432811,26947624.0,77354961.64889824,7.75
Ford v Ferrari,2019.0,UA,152,"Action, Biography, Drama",8.1,81.0,291289,117624028.0,43493389.55304861,8.1
Spotlight,2015.0,A,129,"Biography, Crime, Drama",8.1,93.0,420316,45055776.0,74365318.03633177,8.7
Song of the Sea,2014.0,PG,93,"Animation, Adventure, Drama",8.1,85.0,51679,857524.0,-13837423.252638936,8.3
Kahaani,2012.0,UA,122,"Mystery, Thriller",8.1,77.97153024911032,57806,1035953.0,-12371433.143459678,7.948576512455515
Zindagi Na Milegi Dobara,2011.0,U,155,"Comedy, Drama",8.1,77.97153024911032,67927,3108485.0,-9949809.853921056,7.948576512455515
Prisoners,2013.0,A,153,"Crime, Drama, Mystery",8.1,70.0,601149,61002302.0,117632722.86956452,7.55
Mad Max: Fury Road,2015.0,UA,120,"Action, Adventure, Sci-Fi",8.1,90.0,882316,154058340.0,184906762.53459013,8.55
Gran Torino,2008.0,R,116,Drama,8.1,72.0,720450,148095302.0,146177538.60568297,7.65
Harry Potter and the Deathly Hallows: Part 2,2011.0,UA,130,"Adventure, Drama, Fantasy",8.1,85.0,764493,381011219.0,156715583.7139877,8.3
Okuribito,2008.0,PG-13,130,"Drama, Music",8.1,68.0,48582,1498210.0,-14578433.758290768,7.449999999999999
How to Train Your Dragon,2010.0,U,98,"Animation, Action, Adventure",8.1,75.0,666773,217581231.0,133334393.33223486,7.8
Into the Wild,2007.0,R,148,"Adventure, Biography, Drama",8.1,73.0,572921,18354356.0,110878688.46416008,7.699999999999999
No Country for Old Men,2007.0,R,122,"Crime, Drama, Thriller",8.1,91.0,856916,74283625.0,178829375.75914478,8.6
Lage Raho Munna Bhai,2006.0,U,144,"Comedy, Drama, Romance",8.1,77.97153024911032,43137,2217561.0,-15881243.63987732,7.948576512455515
Million Dollar Baby,2004.0,UA,132,"Drama, Sport",8.1,86.0,635975,100492203.0,125965442.2334094,8.35
Hotel Rwanda,2004.0,PG-13,121,"Biography, Drama, History",8.1,79.0,334320,23530892.0,53789296.25911915,8.0
Taegukgi hwinalrimyeo,2004.0,R,140,"Action, Drama, War",8.1,64.0,37820,1111061.0,-17153427.32039082,7.25
Before Sunset,2004.0,R,80,"Drama, Romance",8.1,90.0,236311,5820649.0,30338957.65775585,8.55
Salinui chueok,2003.0,UA,131,"Crime, Drama, Mystery",8.1,82.0,139558,14131.0,7189138.654422641,8.149999999999999
Dil Chahta Hai,2001.0,Unrated,183,"Comedy, Drama, Romance",8.1,77.97153024911032,66803,300000.0,-10218746.182094216,7.948576512455515
Kill Bill: Vol. 1,2003.0,R,111,"Action, Crime, Drama",8.1,69.0,1000639,70099045.0,213217574.9531343,7.5
Finding Nemo,2003.0,U,100,"Animation, Adventure, Comedy",8.1,90.0,949565,380843261.0,200997242.19057143,8.55
Catch Me If You Can,2002.0,A,141,"Biography, Crime, Drama",8.1,75.0,832846,164615351.0,173070214.35422468,7.8
Amores perros,2000.0,A,154,"Drama, Thriller",8.1,83.0,223741,5383834.0,27331369.00549805,8.2
"Monsters, Inc.",2001.0,U,92,"Animation, Adventure, Comedy",8.1,79.0,815505,289916256.0,168921081.91040587,8.0
Lagaan: Once Upon a Time in India,2001.0,U,224,"Adventure, Drama, Musical",8.1,84.0,105036,70147.0,-1070843.4818736317,8.25
The Sixth Sense,1999.0,A,107,"Drama, Mystery, Thriller",8.1,64.0,911573,293506292.0,191907002.8845588,7.25
La leggenda del pianista sull'oceano,1998.0,U,169,"Drama, Music, Romance",8.1,58.0,59020,259127.0,-12080962.767656922,6.949999999999999
The Truman Show,1998.0,U,103,"Comedy, Drama",8.1,90.0,939631,125618201.0,198620361.86666295,8.55
"Crna macka, beli macor",1998.0,R,127,"Comedy, Crime, Romance",8.1,73.0,50862,348660.0,-14032904.551675916,7.699999999999999
The Big Lebowski,1998.0,R,117,"Comedy, Crime, Sport",8.1,71.0,732620,17498804.0,149089420.3795873,7.6
Fa yeung nin wah,2000.0,U,98,"Drama, Romance",8.1,85.0,124383,2734044.0,3558258.956887841,8.3
Trainspotting,1996.0,A,93,Drama,8.1,83.0,634716,16501785.0,125664204.83379184,8.2
Fargo,1996.0,A,98,"Crime, Drama, Thriller",8.1,85.0,617444,24611975.0,121531581.82648908,8.3
La haine,1995.0,UA,98,"Crime, Drama",8.1,77.97153024911032,150345,309811.0,9770113.896419764,7.948576512455515
Before Sunrise,1995.0,R,101,"Drama, Romance",8.1,77.0,272291,5535405.0,38947791.365650535,7.9
Trois couleurs: Rouge,1994.0,U,99,"Drama, Mystery, Romance",8.1,100.0,90729,4043686.0,-4494039.253381491,9.05
Chung Hing sam lam,1994.0,U,102,"Comedy, Crime, Drama",8.1,77.0,63122,600200.0,-11099488.730142117,7.9
Jurassic Park,1993.0,UA,127,"Action, Adventure, Sci-Fi",8.1,68.0,867615,402453882.0,181389295.4879042,7.449999999999999
In the Name of the Father,1993.0,UA,133,"Biography, Crime, Drama",8.1,84.0,156842,25010410.0,11324632.868076086,8.25
Ba wang bie ji,1993.0,R,171,"Drama, Music, Romance",8.1,77.97153024911032,25088,5216888.0,-20199777.258381844,7.948576512455515
D脿 h贸ng denglong gaogao gu脿,1991.0,PG,125,"Drama, History, Romance",8.1,77.97153024911032,29662,2603061.0,-19105369.104409933,7.948576512455515
Dead Poets Society,1989.0,U,128,"Comedy, Drama",8.1,79.0,425457,95860116.0,75595390.69036973,8.0
Stand by Me,1986.0,U,89,"Adventure, Drama",8.1,75.0,363401,52287414.0,60747425.58261228,7.8
Platoon,1986.0,A,120,"Drama, War",8.1,92.0,381222,138530565.0,65011406.28045535,8.649999999999999
"Paris, Texas",1984.0,U,145,Drama,8.1,78.0,91188,2181987.0,-4384215.610470891,7.949999999999999
Kaze no tani no Naushika,1984.0,U,117,"Animation, Adventure, Fantasy",8.1,86.0,150924,495770.0,9908649.60283649,8.35
The Thing,1982.0,A,109,"Horror, Mystery, Sci-Fi",8.1,57.0,371271,13782838.0,62630458.41421688,6.9
Pink Floyd: The Wall,1982.0,UA,95,"Drama, Fantasy, Music",8.1,47.0,76081,22244207.0,-7998825.138685584,6.4
Fanny och Alexander,1982.0,A,188,Drama,8.1,100.0,57784,4971340.0,-12376697.021769166,9.05
Blade Runner,1982.0,UA,117,"Action, Sci-Fi, Thriller",8.1,84.0,693827,32868943.0,139807528.0496719,8.25
Life of Brian,1979.0,R,94,Comedy,8.1,77.0,367250,20045115.0,61668365.01956856,7.9
The Deer Hunter,1978.0,A,183,"Drama, War",8.1,86.0,311361,48979328.0,48295960.70882583,8.35
Rocky,1976.0,U,120,"Drama, Sport",8.1,70.0,518546,117235247.0,97868534.6879853,7.55
Zerkalo,1975.0,G,107,"Biography, Drama",8.1,77.97153024911032,40081,177345.0,-16612444.190497875,7.948576512455515
Chinatown,1974.0,UA,130,"Drama, Mystery, Thriller",8.1,92.0,294230,29000000.0,44197074.3761425,8.649999999999999
Paper Moon,1973.0,U,102,"Comedy, Crime, Drama",8.1,77.0,42285,30933743.0,-16085099.290770292,7.9
Viskningar och rop,1972.0,A,91,Drama,8.1,77.97153024911032,30206,1742348.0,-18975207.7498492,7.948576512455515
Le samoura茂,1967.0,GP,105,"Crime, Drama, Mystery",8.1,77.97153024911032,45434,39481.0,-15331646.89093256,7.948576512455515
Cool Hand Luke,1967.0,A,127,"Crime, Drama",8.1,92.0,161984,16217773.0,12554944.78930986,8.649999999999999
Andrei Rublev,1966.0,R,205,"Biography, Drama, History",8.1,77.97153024911032,46947,102021.0,-14969635.623560548,7.948576512455515
What Ever Happened to Baby Jane?,1962.0,Passed,134,"Drama, Horror, Thriller",8.1,75.0,50058,4050000.0,-14225275.37716639,7.8
Jungfruk盲llan,1960.0,A,89,Drama,8.1,77.97153024911032,26697,1526000.0,-19814796.340204954,7.948576512455515
Ben-Hur,1959.0,U,212,"Adventure, Drama, History",8.1,90.0,219466,74700000.0,26308501.7430954,8.55
The Bridge on the River Kwai,1957.0,PG,161,"Adventure, Drama, War",8.1,87.0,203463,44908000.0,22479508.807368875,8.399999999999999
On the Waterfront,1954.0,A,108,"Crime, Drama, Thriller",8.1,91.0,142107,9600000.0,7799030.736730099,8.6
Ace in the Hole,1951.0,Approved,111,"Drama, Film-Noir",8.1,72.0,31568,3969893.0,-18649325.829055548,7.65
The Third Man,1949.0,Approved,104,"Film-Noir, Mystery, Thriller",8.1,97.0,158731,449191.0,11776608.601100326,8.899999999999999
Rebecca,1940.0,Approved,130,"Drama, Mystery, Romance",8.1,86.0,123942,4360000.0,3452742.123503089,8.35
Mr. Smith Goes to Washington,1939.0,Passed,129,"Comedy, Drama",8.1,73.0,107017,9600000.0,-596855.1668281555,7.699999999999999
Gone with the Wind,1939.0,U,238,"Drama, History, Romance",8.1,97.0,290074,198676459.0,43202679.91005004,8.899999999999999
It Happened One Night,1934.0,Approved,105,"Comedy, Romance",8.1,87.0,94016,4360000.0,-3707567.980511785,8.399999999999999
La passion de Jeanne d'Arc,1928.0,Passed,110,"Biography, Drama, History",8.1,77.97153024911032,47676,21877.0,-14795209.837761402,7.948576512455515
Sunrise: A Song of Two Humans,1927.0,Passed,94,"Drama, Romance",8.1,77.97153024911032,46865,539540.0,-14989255.53362298,7.948576512455515
The General,1926.0,Passed,67,"Action, Adventure, Comedy",8.1,77.97153024911032,81156,1033895.0,-6784544.119575858,7.948576512455515
Bajrangi Bhaijaan,2015.0,UA,163,"Action, Adventure, Comedy",8.0,77.97153024911032,72245,8178001.0,3370852.367237687,7.898576512455516
La La Land,2016.0,A,128,"Comedy, Drama, Music",8.0,94.0,505918,151101803.0,107134575.00769912,8.7
Lion,2016.0,U,118,"Biography, Drama",8.0,69.0,213970,51739495.0,37280995.7038517,7.45
The Martian,2015.0,UA,144,"Adventure, Drama, Sci-Fi",8.0,80.0,760094,228433663.0,167950553.78862846,8.0
Zootopia,2016.0,U,108,"Animation, Adventure, Comedy",8.0,78.0,434143,341268248.0,89961172.0231483,7.9
B茫hubali: The Beginning,2015.0,UA,159,"Action, Drama",8.0,77.97153024911032,102972,6738000.0,10722815.495155454,7.898576512455516
Kaguyahime no monogatari,2013.0,U,137,"Animation, Adventure, Drama",8.0,89.0,38746,1506975.0,-4644359.427669525,8.45
Wonder,2017.0,U,113,"Drama, Family",8.0,66.0,141923,132422809.0,20042512.04202044,7.3
Gully Boy,2019.0,UA,154,"Drama, Music, Romance",8.0,65.0,31886,5566534.0,-6285732.39143157,7.25
Special Chabbis,2013.0,UA,144,"Crime, Drama, Thriller",8.0,77.97153024911032,51069,1079369.0,-1695869.7727950811,7.898576512455516
Short Term 12,2013.0,R,96,Drama,8.0,82.0,81770,1010414.0,5649872.408029676,8.1
Serbuan maut 2: Berandal,2014.0,A,150,"Action, Crime, Thriller",8.0,71.0,114316,2625803.0,13437062.565259814,7.55
The Imitation Game,2014.0,UA,114,"Biography, Drama, Thriller",8.0,73.0,685201,91125683.0,150031115.68731225,7.65
Guardians of the Galaxy,2014.0,UA,121,"Action, Adventure, Comedy",8.0,76.0,1043455,333176600.0,235749545.68142283,7.8
Blade Runner 2049,2017.0,UA,164,"Action, Drama, Mystery",8.0,81.0,461823,92054159.0,96584088.00520848,8.05
Her,2013.0,A,126,"Drama, Romance, Sci-Fi",8.0,90.0,540772,25568251.0,115473993.8530289,8.5
Bohemian Rhapsody,2018.0,UA,134,"Biography, Drama, Music",8.0,49.0,450349,216428042.0,93838736.1996392,6.45
The Revenant,2015.0,A,156,"Action, Adventure, Drama",8.0,76.0,705589,183637894.0,154909295.27698863,7.8
The Perks of Being a Wallflower,2012.0,UA,103,"Drama, Romance",8.0,67.0,462252,17738570.0,96686733.63224256,7.35
The King's Speech,2010.0,U,118,"Biography, Drama, History",8.0,88.0,639603,138797449.0,139121010.0894084,8.4
The Help,2011.0,UA,146,Drama,8.0,62.0,428521,169708112.0,88616011.84789026,7.1
Deadpool,2016.0,R,108,"Action, Adventure, Comedy",8.0,65.0,902669,363070709.0,202064074.2417436,7.25
Darbareye Elly,2009.0,TV-PG,119,"Drama, Mystery",8.0,87.0,45803,106662.0,-2955850.8263185024,8.35
Dev.D,2009.0,A,144,"Drama, Romance",8.0,77.97153024911032,28749,10950.0,-7036313.584918737,7.898576512455516
My Name Is Khan,2010.0,UA,165,Drama,8.0,50.0,98575,4018695.0,9670757.634854913,6.5
Slumdog Millionaire,2008.0,UA,120,"Drama, Romance",8.0,84.0,798882,141319928.0,177231249.78256452,8.2
Black Swan,2010.0,A,108,"Drama, Thriller",8.0,79.0,699673,106954678.0,153493790.5461408,7.95
Tropa de Elite,2007.0,R,115,"Action, Crime, Drama",8.0,33.0,98097,8060.0,9556387.915222526,5.65
The Avengers,2012.0,UA,143,"Action, Adventure, Sci-Fi",8.0,69.0,1260806,623279547.0,287754509.9739357,7.45
Persepolis,2007.0,PG-13,96,"Animation, Biography, Drama",8.0,90.0,88656,4445756.0,7297466.31888473,8.5
Dallas Buyers Club,2013.0,R,117,"Biography, Drama",8.0,80.0,441614,27298285.0,91748737.24359524,8.0
The Pursuit of Happyness,2006.0,U,117,"Biography, Drama",8.0,64.0,448930,163566459.0,93499216.0486802,7.2
Blood Diamond,2006.0,A,143,"Adventure, Drama, Thriller",8.0,64.0,499439,57366262.0,105584362.84556878,7.2
The Bourne Ultimatum,2007.0,UA,115,"Action, Mystery, Thriller",8.0,85.0,604694,227471070.0,130768431.54830515,8.25
Bin-jip,2004.0,U,88,"Crime, Drama, Romance",8.0,72.0,50610,238507.0,-1805693.4157056808,7.6
Sin City,2005.0,A,124,"Crime, Thriller",8.0,74.0,738512,74103820.0,162786689.16706693,7.7
Le scaphandre et le papillon,2007.0,PG-13,112,"Biography, Drama",8.0,92.0,103284,5990075.0,10797466.860271096,8.6
Ratatouille,2007.0,U,111,"Animation, Adventure, Comedy",8.0,96.0,641645,206445654.0,139609593.70340288,8.8
Casino Royale,2006.0,PG-13,144,"Action, Adventure, Thriller",8.0,80.0,582239,167445960.0,125395686.66473722,8.0
Kill Bill: Vol. 2,2004.0,A,137,"Action, Crime, Thriller",8.0,83.0,683900,66208183.0,149719829.0654676,8.15
Bom Yeoareum Gaeul Gyeoul Geurigo Bom,2003.0,R,103,"Drama, Romance",8.0,85.0,77520,2380788.0,4632986.825524092,8.25
Mar adentro,2014.0,U,126,"Biography, Drama",8.0,74.0,77554,2086345.0,4641121.910184145,7.7
Cinderella Man,2005.0,UA,144,"Biography, Drama, History",8.0,69.0,176151,61649911.0,28232149.62272692,7.45
Kal Ho Naa Ho,2003.0,U,186,"Comedy, Drama, Musical",8.0,54.0,63460,1787378.0,1268890.0513995886,6.7
Mou gaan dou,2002.0,UA,101,"Action, Crime, Drama",8.0,75.0,117857,169659.0,14284307.70588398,7.75
Pirates of the Caribbean: The Curse of the Black Pearl,2003.0,UA,143,"Action, Adventure, Fantasy",8.0,63.0,1015122,305413918.0,228970388.22045064,7.15
Big Fish,2003.0,U,125,"Adventure, Drama, Fantasy",8.0,58.0,415218,66257002.0,85433040.34104979,6.9
The Incredibles,2004.0,U,115,"Animation, Action, Adventure",8.0,90.0,657047,261441092.0,143294787.0544033,8.5
Dogville,2003.0,R,178,"Crime, Drama",8.0,60.0,137963,1530386.0,19095013.94632113,7.0
Donnie Darko,2001.0,R,113,"Drama, Mystery, Sci-Fi",8.0,88.0,740086,1480006.0,163163295.73338783,8.4
Magnolia,1999.0,R,188,Drama,8.0,77.0,289742,22455976.0,55410749.6703496,7.85
Dancer in the Dark,2000.0,U,140,"Crime, Drama, Musical",8.0,61.0,102285,4184036.0,10558438.931583283,7.05
The Straight Story,1999.0,U,112,"Biography, Drama",8.0,86.0,82002,6203044.0,5705382.397474766,8.3
P芒fekuto bur没,1997.0,A,81,"Animation, Crime, Mystery",8.0,77.97153024911032,58192,776665.0,8430.463484406471,7.898576512455516
Festen,1998.0,R,105,Drama,8.0,82.0,78341,1647780.0,4829425.193344593,8.1
Central do Brasil,1998.0,R,110,Drama,8.0,80.0,36419,5595428.0,-5201134.192490935,8.0
The Iron Giant,1999.0,PG,86,"Animation, Action, Adventure",8.0,85.0,172083,23159305.0,27258810.669872165,8.25
Sling Blade,1996.0,R,135,Drama,8.0,84.0,86838,24475416.0,6862478.556768179,8.2
Secrets & Lies,1996.0,U,136,"Comedy, Drama",8.0,91.0,37564,13417292.0,-4927173.253204107,8.55
Twelve Monkeys,1995.0,A,129,"Mystery, Sci-Fi, Thriller",8.0,74.0,578443,57141459.0,124487428.38916278,7.7
K么kaku Kid么tai,1995.0,UA,83,"Animation, Action, Crime",8.0,76.0,129231,515905.0,17005732.791864872,7.8
The Nightmare Before Christmas,1993.0,U,76,"Animation, Family, Fantasy",8.0,82.0,300208,75082668.0,57914920.142468095,8.1
Groundhog Day,1993.0,U,101,"Comedy, Fantasy, Romance",8.0,72.0,577991,70906973.0,124379279.6166234,7.6
Bound by Honor,1993.0,R,180,"Crime, Drama",8.0,47.0,28825,4496583.0,-7018129.278031468,6.35
Scent of a Woman,1992.0,UA,156,Drama,8.0,59.0,263918,63895607.0,49231913.60384953,6.95
Aladdin,1992.0,U,90,"Animation, Adventure, Comedy",8.0,86.0,373845,217350219.0,75533838.64575446,8.3
JFK,1991.0,UA,189,"Drama, History, Thriller",8.0,72.0,142110,70405498.0,20087255.007650733,7.6
Beauty and the Beast,1991.0,G,84,"Animation, Family, Fantasy",8.0,95.0,417178,218967620.0,85902004.04498172,8.75
Dances with Wolves,1990.0,U,181,"Adventure, Drama, Western",8.0,72.0,240266,184208848.0,43572765.88680887,7.6
Do the Right Thing,1989.0,R,120,"Comedy, Drama",8.0,93.0,89429,27545445.0,7482419.861302733,8.65
Rain Man,1988.0,U,133,Drama,8.0,65.0,473064,178800000.0,99273690.55413689,7.25
Akira,1988.0,UA,124,"Animation, Action, Sci-Fi",8.0,77.97153024911032,164918,553171.0,25544461.21136558,7.898576512455516
The Princess Bride,1987.0,U,98,"Adventure, Family, Fantasy",8.0,77.0,393899,30857814.0,80332102.9920057,7.85
Der Himmel 眉ber Berlin,1987.0,U,128,"Drama, Fantasy, Romance",8.0,79.0,64722,3333969.0,1570845.2526048422,7.95
Au revoir les enfants,1987.0,U,104,"Drama, War",8.0,88.0,31163,4542825.0,-6458722.574055433,8.4
The Terminator,1984.0,UA,107,"Action, Sci-Fi",8.0,84.0,799795,38400000.0,177449700.73240626,8.2
Gandhi,1982.0,U,191,"Biography, Drama, History",8.0,79.0,217664,52767889.0,38164848.72544599,7.95
Being There,1979.0,PG,130,"Comedy, Drama",8.0,83.0,65625,30177511.0,1786903.5304877758,8.15
Annie Hall,1977.0,A,93,"Comedy, Romance",8.0,92.0,251823,39200000.0,46337976.869636536,8.6
Jaws,1975.0,A,124,"Adventure, Thriller",8.0,87.0,543388,260000000.0,116099916.83746052,8.35
Dog Day Afternoon,1975.0,U,125,"Biography, Crime, Drama",8.0,86.0,235652,50000000.0,42468787.04500151,8.3
Young Frankenstein,1974.0,A,106,Comedy,8.0,80.0,143359,86300000.0,20386099.73530948,8.0
Papillon,1973.0,R,151,"Biography, Crime, Drama",8.0,58.0,121627,53267000.0,15186345.034365416,6.9
The Exorcist,1973.0,A,122,Horror,8.0,81.0,362393,232906145.0,72793750.71849453,8.05
Sleuth,1972.0,PG,138,"Mystery, Thriller",8.0,77.97153024911032,44748,4081254.0,-3208277.717975736,7.898576512455516
The Last Picture Show,1971.0,R,118,"Drama, Romance",8.0,93.0,42456,29133000.0,-3756678.1309411526,8.65
Fiddler on the Roof,1971.0,G,181,"Drama, Family, Musical",8.0,67.0,39491,80500000.0,-4466105.366736293,7.35
Il conformista,1970.0,UA,113,Drama,8.0,100.0,27067,541940.0,-7438761.008395076,9.0
Butch Cassidy and the Sundance Kid,1969.0,PG,110,"Biography, Crime, Drama",8.0,66.0,201888,102308889.0,34390169.44318509,7.3
Planet of the Apes,1968.0,U,112,"Adventure, Sci-Fi",8.0,79.0,165167,33395426.0,25604038.743140697,7.95
The Graduate,1967.0,A,106,"Comedy, Drama, Romance",8.0,83.0,253676,104945305.0,46781338.98360896,8.15
The Sound of Music,1965.0,U,172,"Biography, Drama, Family",8.0,63.0,205425,163214286.0,35236457.515025735,7.15
Doctor Zhivago,1965.0,A,197,"Drama, Romance, War",8.0,69.0,69903,111722000.0,2810488.5944781303,7.45
Per un pugno di dollari,1964.0,A,99,"Action, Drama, Western",8.0,65.0,198219,14500000.0,33512298.101487875,7.25
The Hustler,1961.0,A,134,"Drama, Sport",8.0,90.0,75067,8284000.0,4046064.394021392,8.5
La dolce vita,1960.0,A,174,"Comedy, Drama",8.0,95.0,66621,19516000.0,2025213.6575878856,8.75
Rio Bravo,1959.0,Passed,141,"Action, Drama, Western",8.0,93.0,56305,12535000.0,-443066.7351480722,8.65
Touch of Evil,1958.0,PG-13,95,"Crime, Drama, Film-Noir",8.0,99.0,98431,2237659.0,9636303.158647656,8.95
Cat on a Hot Tin Roof,1958.0,A,108,Drama,8.0,84.0,45062,17570324.0,-3133147.8184683323,8.2
A Streetcar Named Desire,1951.0,A,122,Drama,8.0,97.0,99182,8000000.0,9815992.82275629,8.85
Laura,1944.0,Passed,88,"Drama, Film-Noir, Mystery",8.0,77.97153024911032,42725,4360000.0,-3692315.2552484274,7.898576512455516
The Best Years of Our Lives,1946.0,Approved,170,"Drama, Romance, War",8.0,93.0,57259,23650000.0,-214805.83027505875,8.65
The Grapes of Wrath,1940.0,Passed,129,"Drama, History",8.0,96.0,85559,55000.0,6556455.813233018,8.8
The Wizard of Oz,1939.0,U,102,"Adventure, Family, Fantasy",8.0,92.0,371379,2076020.0,74943805.74070525,8.6
All Quiet on the Western Front,1930.0,U,152,"Drama, War",8.0,91.0,57318,3270000.0,-200689.0657179356,8.55
Knives Out,2019.0,UA,130,"Comedy, Crime, Drama",7.9,82.0,454203,165359751.0,107048378.44190788,8.05
Manbiki kazoku,2018.0,A,121,"Crime, Drama",7.9,93.0,62754,3313513.0,13387473.880438684,8.600000000000001
Marriage Story,2019.0,U,137,"Comedy, Drama, Romance",7.9,94.0,246644,2000000.0,57386318.53148794,8.65
Call Me by Your Name,2017.0,UA,132,"Drama, Romance",7.9,93.0,212651,18095701.0,49252908.74181414,8.600000000000001
"I, Daniel Blake",2016.0,UA,100,Drama,7.9,78.0,53818,258168.0,11249382.218022227,7.85
Isle of Dogs,2018.0,U,101,"Animation, Adventure, Comedy",7.9,82.0,139114,32015231.0,31657916.958116293,8.05
Hunt for the Wilderpeople,2016.0,UA,101,"Adventure, Comedy, Drama",7.9,81.0,111483,5202582.0,25046725.068654414,8.0
Captain Fantastic,2016.0,R,118,"Comedy, Drama",7.9,72.0,189400,5875006.0,43689707.170322776,7.550000000000001
Sing Street,2016.0,PG-13,106,"Comedy, Drama, Music",7.9,79.0,85109,3237118.0,18736292.04441833,7.9
Thor: Ragnarok,2017.0,UA,130,"Action, Adventure, Comedy",7.9,74.0,587775,315058289.0,139007776.33048224,7.65
Nightcrawler,2014.0,A,117,"Crime, Drama, Thriller",7.9,76.0,466134,32381218.0,109903075.355996,7.75
Jojo Rabbit,2019.0,UA,108,"Comedy, Drama, War",7.9,58.0,297918,349555.0,69654504.73322749,6.85
Arrival,2016.0,UA,116,"Drama, Sci-Fi",7.9,81.0,594181,100546139.0,140540521.98731315,8.0
Star Wars: Episode VII - The Force Awakens,2015.0,U,138,"Action, Adventure, Sci-Fi",7.9,80.0,860823,936662225.0,204339205.63212824,7.95
Before Midnight,2013.0,R,109,"Drama, Romance",7.9,94.0,141457,8114627.0,32218519.99807167,8.65
X-Men: Days of Future Past,2014.0,UA,132,"Action, Adventure, Sci-Fi",7.9,75.0,659763,233921534.0,156232143.22775638,7.7
The Artist,2011.0,U,100,"Comedy, Drama, Romance",7.9,89.0,230624,44671682.0,53553258.05343139,8.4
Edge of Tomorrow,2014.0,UA,113,"Action, Adventure, Sci-Fi",7.9,71.0,600004,100206256.0,141933774.8689437,7.5
Amour,2012.0,UA,127,"Drama, Romance",7.9,94.0,93090,6739492.0,20645883.53476596,8.65
The Irishman,2019.0,R,209,"Biography, Crime, Drama",7.9,94.0,324720,7000000.0,76067344.11730182,8.65
Un proph猫te,2009.0,A,155,"Crime, Drama",7.9,90.0,93560,2084637.0,20758339.116831303,8.45
Moon,2009.0,R,97,"Drama, Mystery, Sci-Fi",7.9,67.0,335152,5009677.0,78563379.50476038,7.300000000000001
L氓t den r盲tte komma in,2008.0,R,114,"Crime, Drama, Fantasy",7.9,82.0,205609,2122065.0,47567989.14840126,8.05
District 9,2009.0,A,112,"Action, Sci-Fi, Thriller",7.9,81.0,638202,115646235.0,151073303.2173084,8.0
The Wrestler,2008.0,UA,109,"Drama, Sport",7.9,80.0,289415,26236603.0,67620015.76662862,7.95
Jab We Met,2007.0,U,138,"Comedy, Drama, Romance",7.9,77.97153024911032,47720,410800.0,9790330.85752356,7.848576512455516
Boyhood,2014.0,A,165,Drama,7.9,100.0,335533,25379975.0,78654540.30639207,8.95
Star Trek,2009.0,UA,127,"Action, Adventure, Sci-Fi",7.9,82.0,577336,257730019.0,136510066.07265258,8.05
In Bruges,2008.0,R,107,"Comedy, Crime, Drama",7.9,67.0,390334,7757130.0,91766621.90801334,7.300000000000001
Letters from Iwo Jima,2006.0,UA,141,"Action, Adventure, Drama",7.9,89.0,154011,13756082.0,35222280.375195384,8.4
The Fall,2006.0,R,117,"Adventure, Drama, Fantasy",7.9,64.0,107290,2280348.0,24043477.71631408,7.15
Life of Pi,2012.0,U,127,"Adventure, Drama, Fantasy",7.9,79.0,580708,124987023.0,137316875.0571723,7.9
Fantastic Mr. Fox,2009.0,PG,87,"Animation, Adventure, Comedy",7.9,83.0,199696,21002919.0,46153202.219141126,8.100000000000001
Les choristes,2004.0,PG-13,97,"Drama, Music",7.9,56.0,57430,3635164.0,12113615.32955408,6.75
Iron Man,2008.0,UA,126,"Action, Adventure, Sci-Fi",7.9,79.0,939644,318412101.0,223198485.27887547,7.9
Shaun of the Dead,2004.0,UA,99,"Comedy, Horror",7.9,76.0,512249,13542874.0,120936882.09417176,7.75
Mystic River,2003.0,A,138,"Crime, Drama, Mystery",7.9,84.0,419420,90135191.0,98725947.56748591,8.15
Harry Potter and the Prisoner of Azkaban,2004.0,U,142,"Adventure, Family, Fantasy",7.9,82.0,552493,249358727.0,130565951.12531435,8.05
Ying xiong,2002.0,PG-13,120,"Action, Adventure, History",7.9,85.0,173999,53710019.0,40004753.08651829,8.2
Hable con ella,2002.0,R,112,"Drama, Mystery, Romance",7.9,86.0,104691,9284265.0,23421622.27421248,8.25
No Man's Land,2001.0,R,98,"Comedy, Drama, War",7.9,84.0,44618,1059830.0,9048124.015892386,8.15
Cowboy Bebop: Tengoku no tobira,2001.0,U,115,"Animation, Action, Crime",7.9,61.0,42897,1000045.0,8636345.171776533,7.0
The Bourne Identity,2002.0,UA,119,"Action, Mystery, Thriller",7.9,68.0,508771,121661683.0,120104710.78688836,7.35
Nueve reinas,2000.0,R,114,"Crime, Drama, Thriller",7.9,80.0,49721,1221261.0,10269104.516486764,7.95
Children of Men,2006.0,A,109,"Adventure, Drama, Sci-Fi",7.9,84.0,465113,35552383.0,109658783.54899883,8.15
Almost Famous,2000.0,A,122,"Adventure, Comedy, Drama",7.9,90.0,252586,32534850.0,58808044.20942879,8.45
Mulholland Dr.,2001.0,R,147,"Drama, Mystery, Thriller",7.9,85.0,322031,7220243.0,75423954.62757063,8.2
Toy Story 2,1999.0,U,92,"Animation, Adventure, Comedy",7.9,88.0,527512,245852179.0,124588817.30494428,8.350000000000001
Boogie Nights,1997.0,R,155,Drama,7.9,85.0,239473,26400640.0,55670533.46980608,8.2
Once Were Warriors,1994.0,A,102,"Crime, Drama",7.9,77.0,31590,2201126.0,5930950.987919807,7.800000000000001
True Romance,1993.0,R,119,"Crime, Drama, Romance",7.9,59.0,206918,12281500.0,47881189.90781307,6.9
Trois couleurs: Bleu,1993.0,U,94,"Drama, Music, Mystery",7.9,85.0,89836,1324974.0,19867308.079360485,8.2
Carlito's Way,1993.0,A,144,"Crime, Drama, Thriller",7.9,65.0,201000,36948322.0,46465206.64257348,7.2
Edward Scissorhands,1990.0,U,105,"Drama, Fantasy, Romance",7.9,74.0,447368,56362352.0,105412987.15804292,7.65
My Left Foot: The Story of Christy Brown,1989.0,U,103,"Biography, Drama",7.9,97.0,68076,14743391.0,14660853.896931648,8.8
Crimes and Misdemeanors,1989.0,PG-13,104,"Comedy, Drama",7.9,77.0,54670,18254702.0,11453237.86891508,7.800000000000001
The Untouchables,1987.0,A,119,"Crime, Drama, Thriller",7.9,79.0,281842,76270454.0,65808045.29220152,7.9
Hannah and Her Sisters,1986.0,PG-13,107,"Comedy, Drama",7.9,90.0,67176,40084041.0,14445513.420636296,8.45
Brazil,1985.0,U,132,"Drama, Sci-Fi",7.9,84.0,187567,9929135.0,43251130.40026796,8.15
This Is Spinal Tap,1984.0,R,82,"Comedy, Music",7.9,92.0,128812,188751.0,29192986.30612266,8.55
A Christmas Story,1983.0,U,93,"Comedy, Family",7.9,77.0,132947,20605209.0,30182356.16110158,7.800000000000001
The Blues Brothers,1980.0,U,133,"Action, Adventure, Comedy",7.9,60.0,183182,57229890.0,42201943.7463181,6.95
Manhattan,1979.0,R,96,"Comedy, Drama, Romance",7.9,83.0,131436,45700000.0,29820823.42812133,8.100000000000001
All That Jazz,1979.0,A,123,"Drama, Music, Musical",7.9,72.0,28223,37823676.0,5125338.339379549,7.550000000000001
Dawn of the Dead,1978.0,A,127,"Action, Adventure, Horror",7.9,71.0,111512,5100000.0,25053663.81733501,7.5
All the President's Men,1976.0,U,138,"Biography, Drama, History",7.9,84.0,103031,70600000.0,23024438.72904551,8.15
La monta帽a sagrada,1973.0,R,114,"Adventure, Drama, Fantasy",7.9,76.0,37183,61001.0,7269172.414497256,7.75
Le charme discret de la bourgeoisie,1972.0,PG,102,Comedy,7.9,93.0,38737,198809.0,7640993.636900425,8.600000000000001
Patton,1970.0,U,172,"Biography, Drama, War",7.9,91.0,93741,61700000.0,20801646.479286198,8.5
The Wild Bunch,1969.0,A,145,"Action, Adventure, Western",7.9,97.0,77401,12064472.0,16892020.498546958,8.8
The Lion in Winter,1968.0,PG,134,"Biography, Drama, History",7.9,77.97153024911032,29003,22276975.0,5311966.752168775,7.848576512455516
In the Heat of the Night,1967.0,U,110,"Crime, Drama, Mystery",7.9,75.0,67804,24379978.0,14595773.21965134,7.7
Charade,1963.0,U,113,"Comedy, Mystery, Romance",7.9,83.0,68689,13474588.0,14807524.688008308,8.100000000000001
Spartacus,1960.0,A,197,"Adventure, Biography, Drama",7.9,87.0,124339,30000000.0,28122744.13893497,8.3
The Ten Commandments,1956.0,U,220,"Adventure, Drama",7.9,77.97153024911032,63560,93740000.0,13580323.24032092,7.848576512455516
High Noon,1952.0,PG,85,"Drama, Thriller, Western",7.9,89.0,97222,9450000.0,21634535.588157296,8.4
Strangers on a Train,1951.0,A,101,"Crime, Film-Noir, Thriller",7.9,88.0,123341,7630000.0,27883955.47744298,8.350000000000001
Notorious,1946.0,U,102,"Drama, Film-Noir, Romance",7.9,100.0,92306,10464000.0,20458298.05319309,8.95
The Big Sleep,1946.0,Passed,114,"Crime, Film-Noir, Mystery",7.9,77.97153024911032,78796,6540000.0,17225798.236804605,7.848576512455516
The Lost Weekend,1945.0,Passed,101,"Drama, Film-Noir",7.9,77.97153024911032,33549,9460000.0,6399675.424655914,7.848576512455516
His Girl Friday,1940.0,Passed,92,"Comedy, Drama, Romance",7.9,77.97153024911032,53667,296000.0,11213252.871443748,7.848576512455516
The Adventures of Robin Hood,1938.0,PG,102,"Action, Adventure, Romance",7.9,97.0,47175,3981000.0,9659930.235766888,8.8
A Night at the Opera,1935.0,Passed,96,"Comedy, Music, Musical",7.9,77.97153024911032,30580,2537520.0,5689291.120077372,7.848576512455516
King Kong,1933.0,Passed,100,"Adventure, Horror, Sci-Fi",7.9,90.0,78991,10000000.0,17272455.34000194,8.45
Forushande,2016.0,UA,124,Drama,7.8,85.0,51240,2402067.0,22920057.85636723,8.15
Dunkirk,2017.0,UA,106,"Action, Drama, History",7.8,94.0,555092,188373161.0,143475313.03674924,8.6
Hidden Figures,2016.0,UA,127,"Biography, Drama, History",7.8,74.0,200876,169607287.0,58723043.979617,7.6
Paddington 2,2017.0,U,103,"Adventure, Comedy, Family",7.8,88.0,61594,40442052.0,25397430.402546763,8.3
Kubo and the Two Strings,2016.0,PG,101,"Animation, Action, Adventure",7.8,84.0,118035,48023088.0,38901910.20541728,8.1
M.S. Dhoni: The Untold Story,2016.0,U,184,"Biography, Drama, Sport",7.8,77.97153024911032,40416,1782795.0,20330229.728122234,7.798576512455515
Manchester by the Sea,2016.0,UA,137,Drama,7.8,96.0,246963,47695120.0,69750151.23630798,8.7
Under sandet,2015.0,R,100,"Drama, History, War",7.8,75.0,35539,435266.0,19163323.613797545,7.65
Rogue One,2016.0,UA,133,"Action, Adventure, Sci-Fi",7.8,65.0,556608,532177324.0,143838042.10570884,7.15
Captain America: Civil War,2016.0,UA,147,"Action, Adventure, Sci-Fi",7.8,75.0,663649,408084349.0,169449442.02029347,7.65
The Hateful Eight,2015.0,A,168,"Crime, Drama, Mystery",7.8,68.0,517059,54117416.0,134375263.77570534,7.3
Little Women,2019.0,U,135,"Drama, Romance",7.8,91.0,143250,108101214.0,44935032.549624205,8.45
Loving Vincent,2017.0,UA,94,"Animation, Biography, Crime",7.8,62.0,50778,6735118.0,22809516.41186893,7.0
Le pass茅,2013.0,PG-13,130,"Drama, Mystery",7.8,85.0,45002,1330596.0,21427509.08844483,8.15
The Lunchbox,2013.0,U,104,"Drama, Romance",7.8,76.0,50523,4231500.0,22748503.27691865,7.699999999999999
Vicky Donor,2012.0,UA,126,"Comedy, Romance",7.8,77.97153024911032,39710,169209.0,20161307.0878284,7.798576512455515
Big Hero 6,2014.0,U,102,"Animation, Action, Adventure",7.8,74.0,410983,222527828.0,108994756.70514846,7.6
About Time,2013.0,R,123,"Comedy, Drama, Fantasy",7.8,55.0,303032,15322921.0,83165623.64230978,6.65
English Vinglish,2012.0,U,134,"Comedy, Drama, Family",7.8,77.97153024911032,33618,1670773.0,18703691.330505013,7.798576512455515
Kaze tachinu,2013.0,PG-13,126,"Animation, Biography, Drama",7.8,83.0,73690,5209580.0,28291606.403955694,8.05
Toy Story 4,2019.0,U,100,"Animation, Adventure, Comedy",7.8,84.0,203177,434038008.0,59273597.79734528,8.1
La migliore offerta,2013.0,R,131,"Crime, Drama, Mystery",7.8,49.0,108399,85433.0,36596331.50588226,6.35
Moonrise Kingdom,2012.0,A,94,"Comedy, Drama, Romance",7.8,84.0,318789,45512466.0,86935756.84784889,8.1
How to Train Your Dragon 2,2014.0,U,102,"Animation, Action, Adventure",7.8,76.0,305611,177002924.0,83782693.74049377,7.699999999999999
The Big Short,2015.0,A,130,"Biography, Comedy, Drama",7.8,81.0,362942,70259870.0,97500121.34770083,7.949999999999999
The Girl with the Dragon Tattoo,2011.0,R,158,"Crime, Drama, Mystery",7.8,71.0,423010,102515793.0,111872423.27004148,7.449999999999999
Captain Phillips,2013.0,UA,134,"Adventure, Biography, Crime",7.8,82.0,421244,107100855.0,111449877.40211092,8.0
Ajeossi,2010.0,R,119,"Action, Crime, Drama",7.8,77.97153024911032,62848,6460.0,25697471.46618485,7.798576512455515
Straight Outta Compton,2015.0,R,147,"Biography, Drama, History",7.8,72.0,179264,161197785.0,53552001.34217894,7.5
Madeo,2009.0,R,129,"Crime, Drama, Mystery",7.8,79.0,52758,547292.0,23283265.459718585,7.85
The Hobbit: The Desolation of Smaug,2013.0,UA,161,"Adventure, Fantasy",7.8,66.0,601408,258366855.0,154557212.4812975,7.199999999999999
Das wei脽e Band - Eine deutsche Kindergeschichte,2009.0,UA,144,"Drama, History, Mystery",7.8,82.0,68715,2222647.0,27101252.10443437,8.0
M盲n som hatar kvinnor,2009.0,R,152,"Crime, Drama, Mystery",7.8,76.0,208994,10095170.0,60665415.07580066,7.699999999999999
The Fighter,2010.0,UA,116,"Biography, Drama, Sport",7.8,79.0,340584,93617009.0,92150585.3821336,7.85
Taken,2008.0,A,90,"Action, Thriller",7.8,51.0,564791,145000989.0,145795965.56962502,6.449999999999999
The Boy in the Striped Pyjamas,2008.0,PG-13,94,"Drama, History, War",7.8,55.0,190748,9030581.0,56299745.81970704,6.65
Once,2007.0,R,86,"Drama, Music, Romance",7.8,88.0,110656,9439923.0,37136357.56699169,8.3
The Hobbit: An Unexpected Journey,2012.0,UA,169,"Adventure, Fantasy",7.8,58.0,757377,303003568.0,191875477.7560786,6.8
Atonement,2007.0,R,123,"Drama, Mystery, Romance",7.8,85.0,251370,50927067.0,70804601.76856732,8.15
Drive,2011.0,A,100,"Crime, Drama",7.8,78.0,571571,35061555.0,147418197.15771627,7.8
American Gangster,2007.0,A,157,"Biography, Crime, Drama",7.8,76.0,392449,130164645.0,104560178.49664044,7.699999999999999
Avatar,2009.0,UA,162,"Action, Adventure, Fantasy",7.8,83.0,1118998,760507625.0,278399520.39872944,8.05
Mr. Nobody,2009.0,R,141,"Drama, Fantasy, Romance",7.8,63.0,216421,3600.0,62442452.53962874,7.05
Apocalypto,2006.0,A,139,"Action, Adventure, Drama",7.8,68.0,291018,50866635.0,80291067.55096328,7.3
Little Miss Sunshine,2006.0,UA,101,"Comedy, Drama",7.8,80.0,439856,59891098.0,115903118.45189786,7.9
Hot Fuzz,2007.0,UA,121,"Action, Comedy, Mystery",7.8,81.0,463466,23637265.0,121552216.94671142,7.949999999999999
The Curious Case of Benjamin Button,2008.0,UA,166,"Drama, Fantasy, Romance",7.8,70.0,589160,127509326.0,151626667.86611426,7.4
Veer-Zaara,2004.0,U,192,"Drama, Family, Musical",7.8,67.0,49050,2921738.0,22396062.697381973,7.25
Adams 忙bler,2005.0,R,94,"Comedy, Crime, Drama",7.8,51.0,45717,1305.0,21598585.13350165,6.449999999999999
Pride & Prejudice,2005.0,PG,129,"Drama, Romance",7.8,82.0,258924,38405088.0,72612026.16627264,8.0
The World's Fastest Indian,2005.0,U,127,"Biography, Drama, Sport",7.8,68.0,51980,5128124.0,23097115.58132112,7.3
T么ky么 goddof芒z芒zu,2003.0,UA,90,"Animation, Adventure, Comedy",7.8,73.0,31658,128985.0,18234727.62657309,7.55
Serenity,2005.0,PG-13,119,"Action, Adventure, Sci-Fi",7.8,74.0,283310,25514517.0,78446796.0050919,7.6
Walk the Line,2005.0,PG-13,136,"Biography, Drama, Music",7.8,72.0,234207,119519402.0,66698058.88561571,7.5
The Notebook,2004.0,A,123,"Drama, Romance",7.8,53.0,520284,81001787.0,135146900.48243022,6.55
Diarios de motocicleta,2004.0,U,126,"Adventure, Biography, Drama",7.8,75.0,96703,16756372.0,33797862.382826805,7.65
Lilja 4-ever,2002.0,R,109,"Crime, Drama",7.8,82.0,42673,181655.0,20870255.789231777,8.0
Les triplettes de Belleville,2003.0,PG-13,80,"Animation, Comedy, Drama",7.8,91.0,50622,7002255.0,22772190.72931111,8.45
The Count of Monte Cristo,2002.0,PG-13,131,"Action, Adventure, Drama",7.8,61.0,129022,54234062.0,41530738.88659132,6.949999999999999
Waking Life,2001.0,R,99,"Animation, Drama, Fantasy",7.8,83.0,60684,2892011.0,25179697.254292607,8.05
Remember the Titans,2000.0,U,113,"Biography, Drama, Sport",7.8,48.0,198089,115654751.0,58056206.30468917,6.3
Wo hu cang long,2000.0,UA,120,"Action, Adventure, Fantasy",7.8,94.0,253228,128078872.0,71249160.21851921,8.6
Todo sobre mi madre,1999.0,R,101,Drama,7.8,87.0,89058,8264530.0,31968664.670296077,8.25
Cast Away,2000.0,UA,143,"Adventure, Drama, Romance",7.8,73.0,524235,233632142.0,136092245.17336655,7.55
The Boondock Saints,1999.0,R,108,"Action, Crime, Thriller",7.8,44.0,227143,25812.0,65007875.41389346,6.1
The Insider,1999.0,UA,157,"Biography, Drama, Thriller",7.8,84.0,159886,28965197.0,48915481.62034512,8.1
October Sky,1999.0,PG,108,"Biography, Drama, Family",7.8,71.0,82855,32481825.0,30484490.254229665,7.449999999999999
Shrek,2001.0,U,90,"Animation, Adventure, Comedy",7.8,84.0,613941,267665011.0,157555948.24730766,8.1
Titanic,1997.0,UA,194,"Drama, Romance",7.8,75.0,1046089,659325379.0,260954788.41404653,7.65
Gattaca,1997.0,UA,106,"Drama, Sci-Fi, Thriller",7.8,64.0,280845,12339633.0,77857002.36723864,7.1
The Game,1997.0,UA,129,"Action, Drama, Mystery",7.8,61.0,345096,48323648.0,93230158.96996067,6.949999999999999
Breaking the Waves,1996.0,R,159,Drama,7.8,76.0,62428,4040691.0,25596979.24391377,7.699999999999999
Ed Wood,1994.0,U,127,"Biography, Comedy, Drama",7.8,70.0,164937,5887457.0,50124020.22675347,7.4
What's Eating Gilbert Grape,1993.0,U,118,Drama,7.8,73.0,215034,9170214.0,62110588.93893802,7.55
Tombstone,1993.0,R,130,"Action, Biography, Drama",7.8,50.0,126871,56505065.0,41016075.148245454,6.4
The Sandlot,1993.0,U,101,"Comedy, Drama, Family",7.8,55.0,78963,32416586.0,29553262.32785034,6.65
The Remains of the Day,1993.0,U,134,"Drama, Romance",7.8,84.0,66065,22954968.0,26467194.035342693,8.1
The Fugitive,1993.0,U,130,"Action, Crime, Drama",7.8,87.0,267684,183875760.0,74708006.80221355,8.25
A Bronx Tale,1993.0,R,121,"Crime, Drama, Romance",7.8,80.0,128171,17266971.0,41327122.50289428,7.9
Batman: Mask of the Phantasm,1993.0,PG,76,"Animation, Action, Crime",7.8,77.97153024911032,43690,5617391.0,21113590.52744544,7.798576512455515
Night on Earth,1991.0,R,129,"Comedy, Drama",7.8,68.0,55362,2015810.0,23906317.237799644,7.3
La double vie de V茅ronique,1991.0,R,98,"Drama, Fantasy, Music",7.8,86.0,42376,1999955.0,20799193.43205428,8.2
Boyz n the Hood,1991.0,A,112,"Crime, Drama",7.8,76.0,126082,57504069.0,40827293.330693245,7.699999999999999
Misery,1990.0,R,107,"Drama, Thriller",7.8,75.0,184740,61276872.0,54862228.50683797,7.65
Awakenings,1990.0,U,121,"Biography, Drama",7.8,74.0,125276,52096475.0,40634443.97081101,7.6
Glory,1989.0,R,122,"Biography, Drama, History",7.8,78.0,122779,26830000.0,40036993.78268945,7.8
Back to the Future Part II,1989.0,U,108,"Adventure, Comedy, Sci-Fi",7.8,57.0,481918,118500000.0,125967175.24515712,6.75
Mississippi Burning,1988.0,A,128,"Crime, Drama, History",7.8,65.0,88214,34603943.0,31766723.156970263,7.15
Predator,1987.0,A,107,"Action, Adventure, Sci-Fi",7.8,45.0,371387,59735548.0,99520732.8169384,6.15
Evil Dead II,1987.0,A,84,"Action, Comedy, Fantasy",7.8,72.0,148359,5923044.0,46157448.653393984,7.5
Ferris Bueller's Day Off,1986.0,U,103,Comedy,7.8,61.0,321382,70136369.0,87556176.68677521,6.949999999999999
Down by Law,1986.0,R,107,"Comedy, Crime, Drama",7.8,75.0,47834,1436000.0,22105113.787187334,7.65
The Goonies,1985.0,U,114,"Adventure, Comedy, Family",7.8,62.0,244430,61503218.0,69144087.4291346,7.0
The Color Purple,1985.0,U,154,Drama,7.8,78.0,78321,98467863.0,29399652.78809297,7.8
The Breakfast Club,1985.0,UA,97,"Comedy, Drama",7.8,66.0,357026,45875171.0,96084616.616853,7.199999999999999
The Killing Fields,1984.0,UA,141,"Biography, Drama, History",7.8,76.0,51585,34700291.0,23002605.038947105,7.699999999999999
Ghostbusters,1984.0,UA,105,"Action, Comedy, Fantasy",7.8,71.0,355413,238632124.0,95698678.6298926,7.449999999999999
The Right Stuff,1983.0,PG,193,"Adventure, Biography, Drama",7.8,91.0,56235,21500000.0,24115197.49980617,8.45
The King of Comedy,1982.0,U,109,"Comedy, Crime, Drama",7.8,73.0,88511,2500000.0,31837785.51414764,7.55
E.T. the Extra-Terrestrial,1982.0,U,115,"Family, Sci-Fi",7.8,91.0,372490,435110554.0,99784644.53399812,8.45
Kramer vs. Kramer,1979.0,A,105,Drama,7.8,77.0,133351,106260000.0,42566526.57757175,7.75
The Outlaw Josey Wales,1976.0,A,135,Western,7.8,69.0,65659,31800000.0,26370051.55381393,7.35
The Conversation,1974.0,U,113,"Drama, Mystery, Thriller",7.8,85.0,98611,4420000.0,34254384.19257283,8.15
La plan猫te sauvage,1973.0,U,72,"Animation, Sci-Fi",7.8,73.0,25229,193817.0,16696478.82423687,7.55
The Day of the Jackal,1973.0,A,143,"Crime, Drama, Thriller",7.8,80.0,37445,16056255.0,19619366.88915193,7.9
Cabaret,1972.0,A,124,"Drama, Music, Musical",7.8,80.0,48334,42765000.0,22224747.385129213,7.9
Willy Wonka & the Chocolate Factory,1971.0,U,100,"Family, Fantasy, Musical",7.8,67.0,178731,4000000.0,53424471.92677295,7.25
Midnight Cowboy,1969.0,A,113,Drama,7.8,79.0,101124,44785053.0,34855662.65582848,7.85
My Fair Lady,1964.0,U,170,"Drama, Family, Musical",7.8,95.0,86525,72000000.0,31362600.8631227,8.65
Mary Poppins,1964.0,U,139,"Comedy, Family, Fantasy",7.8,88.0,158029,102272727.0,48471162.43758905,8.3
The Longest Day,1962.0,G,178,"Action, Drama, History",7.8,75.0,52141,39100000.0,23135637.599858403,7.65
The Innocents,1961.0,A,100,Horror,7.8,88.0,27007,2616000.0,17121895.898518085,8.3
脌 bout de souffle,1960.0,U,90,"Crime, Drama",7.8,77.97153024911032,73251,336705.0,28186568.104962826,7.798576512455515
Deadpool 2,2018.0,R,119,"Action, Adventure, Comedy",7.7,66.0,478586,324591735.0,137457443.41780567,7.15
Wind River,2017.0,R,107,"Crime, Drama, Mystery",7.7,73.0,205444,33800859.0,72103522.99974656,7.5
Get Out,2017.0,R,104,"Horror, Mystery, Thriller",7.7,85.0,492851,176040665.0,140870589.96708632,8.1
Mission: Impossible - Fallout,2018.0,UA,147,"Action, Adventure, Thriller",7.7,86.0,291257,220159104.0,92635758.88011251,8.15
En man som heter Ove,2015.0,PG-13,116,"Comedy, Drama, Romance",7.7,70.0,47444,3358518.0,34299306.05012572,7.35
What We Do in the Shadows,2014.0,R,86,"Comedy, Horror",7.7,76.0,157498,3333000.0,60631618.025907874,7.65
Omoide no M芒n卯,2014.0,U,103,"Animation, Drama, Family",7.7,72.0,32798,765127.0,30794998.699213386,7.45
The Theory of Everything,2014.0,U,123,"Biography, Drama, Romance",7.7,72.0,404182,35893537.0,119655006.9752766,7.45
Kingsman: The Secret Service,2014.0,A,129,"Action, Adventure, Comedy",7.7,60.0,590440,128261724.0,164220436.3461784,6.85
The Fault in Our Stars,2014.0,UA,126,"Drama, Romance",7.7,69.0,344312,124872350.0,105330079.95772088,7.300000000000001
Me and Earl and the Dying Girl,2015.0,PG-13,105,"Comedy, Drama",7.7,74.0,123210,6743776.0,52427624.413448334,7.550000000000001
Birdman or (The Unexpected Virtue of Ignorance),2014.0,A,119,"Comedy, Drama",7.7,87.0,580291,42340598.0,161792113.5751549,8.2
La vie d'Ad猫le,2013.0,A,180,"Drama, Romance",7.7,89.0,138741,2199675.0,56143683.23271775,8.3
Kai po che!,2013.0,U,130,"Drama, Sport",7.7,40.0,32628,1122527.0,30754323.27591324,5.85
Captain America: The Winter Soldier,2014.0,UA,136,"Action, Adventure, Sci-Fi",7.7,70.0,736182,259766572.0,199091716.0086571,7.35
Rockstar,2011.0,UA,159,"Drama, Music, Musical",7.7,77.97153024911032,39501,985912.0,32398806.71322167,7.748576512455516
Nebraska,2013.0,UA,115,"Adventure, Comedy, Drama",7.7,87.0,112298,17654912.0,49816740.77196574,8.2
Wreck-It Ralph,2012.0,U,101,"Animation, Adventure, Comedy",7.7,72.0,380195,189422889.0,113915704.74761486,7.45
Le Petit Prince,2015.0,PG,108,"Animation, Adventure, Drama",7.7,70.0,56720,1339152.0,36518748.55914271,7.35
Midnight in Paris,2011.0,PG-13,96,"Comedy, Fantasy, Romance",7.7,81.0,388089,56816662.0,115804479.9919206,7.9
The Lego Movie,2014.0,U,100,"Animation, Action, Adventure",7.7,83.0,323982,257760692.0,100465777.8654058,8.0
Gravity,2013.0,UA,91,"Drama, Sci-Fi, Thriller",7.7,96.0,769145,274092705.0,206978680.58657077,8.65
Star Trek Into Darkness,2013.0,UA,132,"Action, Adventure, Sci-Fi",7.7,72.0,463188,228778661.0,133773207.13558877,7.45
The Social Network,2010.0,UA,120,"Biography, Drama",7.7,95.0,624982,96962694.0,172485203.8263923,8.6
X: First Class,2011.0,UA,131,"Action, Adventure, Sci-Fi",7.7,65.0,645512,146408305.0,177397359.35788417,7.1
The Hangover,2009.0,UA,100,Comedy,7.7,73.0,717559,277322503.0,194635843.01971543,7.5
Skyfall,2012.0,UA,143,"Action, Adventure, Thriller",7.7,81.0,630614,304360277.0,173832756.67360914,7.9
Silver Linings Playbook,2012.0,A,122,"Comedy, Drama, Romance",7.7,81.0,661871,132092958.0,181311531.4153452,7.9
Argo,2012.0,A,120,"Biography, Drama, Thriller",7.7,86.0,572581,136025503.0,159947363.49489176,8.15
(500) Days of Summer,2009.0,UA,95,"Comedy, Drama, Romance",7.7,76.0,472242,32391374.0,135939532.3271196,7.65
Harry Potter and the Deathly Hallows: Part 1,2010.0,A,146,"Adventure, Family, Fantasy",7.7,65.0,479120,295983305.0,137585212.1004076,7.1
Gake no ue no Ponyo,2008.0,U,101,"Animation, Adventure, Comedy",7.7,86.0,125317,15090400.0,52931760.39517522,8.15
Frost/Nixon,2008.0,R,122,"Biography, Drama, History",7.7,80.0,103330,18593156.0,47670992.55928087,7.85
Papurika,2006.0,U,90,"Animation, Drama, Fantasy",7.7,81.0,71379,881302.0,40026166.38360155,7.9
Changeling,2008.0,R,141,"Biography, Crime, Drama",7.7,63.0,239203,35739802.0,80180944.26558363,7.0
Flipped,2010.0,PG,90,"Comedy, Drama, Romance",7.7,45.0,81446,1752214.0,42434869.24456251,6.1
Ex Machina,2014.0,UA,108,"Drama, Sci-Fi, Thriller",7.7,78.0,474141,25442958.0,136393900.73210275,7.75
Efter brylluppet,2006.0,R,120,Drama,7.7,78.0,32001,412544.0,30604302.744094133,7.75
The Last King of Scotland,2006.0,R,123,"Biography, Drama, History",7.7,74.0,175355,17605861.0,64904212.34280264,7.550000000000001
Zodiac,2007.0,UA,157,"Crime, Drama, Mystery",7.7,78.0,466080,33080084.0,134465167.86608446,7.75
Lucky Number Slevin,2006.0,R,110,"Action, Crime, Drama",7.7,53.0,299524,22494487.0,94613780.7884829,6.5
Joyeux No毛l,2005.0,PG-13,116,"Drama, History, Music",7.7,70.0,28003,1054361.0,29647712.49495125,7.35
Control,2007.0,R,122,"Biography, Drama, Music",7.7,78.0,61609,871577.0,37688525.87981808,7.75
Tangled,2010.0,U,100,"Animation, Adventure, Comedy",7.7,71.0,405922,200821936.0,120071331.89611425,7.4
Zwartboek,2006.0,R,145,"Drama, Thriller, War",7.7,71.0,72643,4398392.0,40328600.11919856,7.4
Brokeback Mountain,2005.0,A,134,"Drama, Romance",7.7,87.0,323103,83043761.0,100255462.000224,8.2
3:10 to Yuma,2007.0,A,122,"Action, Crime, Drama",7.7,76.0,288797,53606916.0,92047161.5782386,7.65
Crash,2004.0,UA,112,"Crime, Drama, Thriller",7.7,66.0,419483,54580300.0,123316034.3394928,7.15
Kung fu,2004.0,UA,99,"Action, Comedy, Fantasy",7.7,78.0,127250,17108591.0,53394263.88481844,7.75
The Bourne Supremacy,2004.0,A,108,"Action, Mystery, Thriller",7.7,73.0,434841,176241941.0,126990699.93387423,7.5
The Machinist,2004.0,R,101,"Drama, Thriller",7.7,61.0,358432,1082715.0,108708532.76359844,6.9
Ray,2004.0,A,152,"Biography, Drama, Music",7.7,73.0,138356,75331600.0,56051565.36230254,7.5
Lost in Translation,2003.0,UA,102,"Comedy, Drama",7.7,89.0,415074,44585453.0,122261105.27284156,8.3
Harry Potter and the Goblet of Fire,2005.0,UA,157,"Adventure, Family, Fantasy",7.7,81.0,548619,290013036.0,154214042.9471271,7.9
Man on Fire,2004.0,UA,146,"Action, Crime, Drama",7.7,47.0,329592,77911774.0,101808066.83431327,6.2
Coraline,2009.0,U,100,"Animation, Drama, Family",7.7,80.0,197761,75286229.0,70265233.13377225,7.85
The Last Samurai,2003.0,UA,154,"Action, Drama",7.7,55.0,400049,111110575.0,118666115.65468945,6.6
The Magdalene Sisters,2002.0,R,114,Drama,7.7,83.0,25938,4890878.0,29153625.73545146,8.0
Good Bye Lenin!,2003.0,R,121,"Comedy, Drama, Romance",7.7,68.0,137981,4064200.0,55961840.163846135,7.25
In America,2002.0,PG-13,105,Drama,7.7,76.0,40403,15539266.0,32614625.723908786,7.65
I Am Sam,2001.0,PG-13,132,Drama,7.7,28.0,142863,40311852.0,57129942.614150286,5.25
Adaptation.,2002.0,R,115,"Comedy, Drama",7.7,83.0,178565,22245861.0,65672260.04158926,8.0
Black Hawk Down,2001.0,A,144,"Drama, History, War",7.7,74.0,364254,108638745.0,110101546.37803316,7.550000000000001
Road to Perdition,2002.0,A,117,"Crime, Drama, Thriller",7.7,72.0,246840,104454762.0,82008227.8405472,7.45
Das Experiment,2001.0,R,120,"Drama, Thriller",7.7,60.0,90842,141072.0,44683023.81708551,6.85
Billy Elliot,2000.0,R,110,"Drama, Music",7.7,74.0,126770,21995263.0,53279415.63079429,7.550000000000001
Hedwig and the Angry Inch,2001.0,R,95,"Comedy, Drama, Music",7.7,85.0,31957,3029081.0,30593774.98747528,8.1
Ocean's Eleven,2001.0,UA,116,"Crime, Thriller",7.7,74.0,516372,183417150.0,146498393.68146622,7.550000000000001
Vampire Hunter D: Bloodlust,2000.0,U,103,"Animation, Action, Fantasy",7.7,62.0,29210,151086.0,29936508.00038278,6.95
"O Brother, Where Art Thou?",2000.0,U,107,"Adventure, Comedy, Crime",7.7,69.0,286742,45512588.0,91555467.49069774,7.300000000000001
"South Park: Bigger, Longer & Uncut",1999.0,A,81,"Animation, Comedy, Fantasy",7.7,73.0,192112,52037603.0,68913612.74422538,7.5
Office Space,1999.0,R,89,Comedy,7.7,68.0,241575,10824921.0,80748486.05421972,7.25
Training Day,2001.0,A,122,"Crime, Drama, Thriller",7.7,69.0,390247,76631907.0,116320818.60063756,7.300000000000001
Rushmore,1998.0,UA,93,"Comedy, Drama, Romance",7.7,86.0,169229,17105219.0,63438461.500819206,8.15
Abre los ojos,1997.0,U,119,"Drama, Mystery, Sci-Fi",7.7,77.97153024911032,64082,368234.0,38280233.65523839,7.748576512455516
Being John Malkovich,1999.0,R,113,"Comedy, Drama, Fantasy",7.7,90.0,312542,22858926.0,97728561.14449656,8.35
As Good as It Gets,1997.0,A,139,"Comedy, Drama, Romance",7.7,67.0,275755,148478011.0,88926638.8095237,7.2
The Fifth Element,1997.0,UA,126,"Action, Adventure, Sci-Fi",7.7,52.0,434125,63540020.0,126819384.62162147,6.45
Le d卯ner de cons,1998.0,PG-13,80,Comedy,7.7,73.0,37424,4065116.0,31901848.74737132,7.5
Donnie Brasco,1997.0,A,127,"Biography, Crime, Drama",7.7,76.0,279318,41909762.0,89779147.82845724,7.65
Shine,1996.0,U,105,"Biography, Drama, Music",7.7,87.0,51350,35811509.0,35233883.71724737,8.2
Primal Fear,1996.0,A,129,"Crime, Drama, Mystery",7.7,47.0,189716,56116183.0,68340328.54288816,6.2
Hamlet,1996.0,PG-13,242,Drama,7.7,77.97153024911032,35991,4414535.0,31558978.85566997,7.748576512455516
A Little Princess,1995.0,U,97,"Drama, Family, Fantasy",7.7,83.0,32236,10019307.0,30660530.535126805,8.0
Il postino,1994.0,U,108,"Biography, Comedy, Drama",7.7,81.0,33600,21848932.0,30986890.9903121,7.9
Clerks,1994.0,R,92,Comedy,7.7,70.0,211450,3151130.0,73540561.77822399,7.35
Short Cuts,1993.0,R,188,"Comedy, Drama",7.7,79.0,42275,6110979.0,33062533.914602995,7.800000000000001
Philadelphia,1993.0,UA,125,Drama,7.7,66.0,224169,77324422.0,76583801.24266839,7.15
The Muppet Christmas Carol,1992.0,G,85,"Comedy, Drama, Family",7.7,64.0,50298,27281507.0,34982174.627177715,7.050000000000001
Malcolm X,1992.0,U,202,"Biography, Drama, History",7.7,73.0,85819,48169908.0,43481184.6921618,7.5
The Last of the Mohicans,1992.0,UA,112,"Action, Adventure, Drama",7.7,76.0,150409,75505856.0,58935452.87428844,7.65
Glengarry Glen Ross,1992.0,R,100,"Crime, Drama, Mystery",7.7,82.0,95826,10725228.0,45875531.521369815,7.949999999999999
A Few Good Men,1992.0,U,138,"Drama, Thriller",7.7,62.0,235388,141340178.0,79268139.9132874,6.95
Fried Green Tomatoes,1991.0,PG-13,130,Drama,7.7,64.0,66941,82418501.0,38964298.56826973,7.050000000000001
Barton Fink,1991.0,U,116,"Comedy, Drama, Thriller",7.7,69.0,113240,6153939.0,50042130.47048807,7.300000000000001
Miller's Crossing,1990.0,R,115,"Crime, Drama, Thriller",7.7,66.0,125822,5080409.0,53052590.32909656,7.15
Who Framed Roger Rabbit,1988.0,U,104,"Animation, Adventure, Comedy",7.7,83.0,182009,156452370.0,66496296.26421261,8.0
Withnail & I,1987.0,R,107,"Comedy, Drama",7.7,84.0,40396,1544889.0,32612950.85353756,8.05
The Last Emperor,1987.0,U,163,"Biography, Drama, History",7.7,76.0,94326,43984230.0,45516630.72754431,7.65
Empire of the Sun,1987.0,U,153,"Action, Drama, History",7.7,62.0,115677,22238696.0,50625224.626856685,6.95
Der Name der Rose,1986.0,R,130,"Crime, Drama, Mystery",7.7,54.0,102031,7153487.0,47360184.471827984,6.550000000000001
Blue Velvet,1986.0,A,120,"Drama, Mystery, Thriller",7.7,76.0,181285,8551228.0,66323066.814392805,7.65
The Purple Rose of Cairo,1985.0,U,82,"Comedy, Fantasy, Romance",7.7,75.0,47102,10631333.0,34217476.669133544,7.6
After Hours,1985.0,UA,97,"Comedy, Crime, Drama",7.7,90.0,59635,10600000.0,37216212.43514371,8.35
Zelig,1983.0,PG,79,Comedy,7.7,77.97153024911032,39881,11798616.0,32489728.247657537,7.748576512455516
The Verdict,1982.0,U,129,Drama,7.7,77.0,36096,54000000.0,31584101.91123784,7.7
Star Trek II: The Wrath of Khan,1982.0,U,113,"Action, Adventure, Sci-Fi",7.7,67.0,112704,78912963.0,49913883.2534945,7.2
First Blood,1982.0,A,93,"Action, Adventure",7.7,61.0,226541,47212904.0,77151343.03130448,6.9
Ordinary People,1980.0,U,124,Drama,7.7,86.0,47099,54800000.0,34216758.86754584,8.15
Airplane!,1980.0,U,88,Comedy,7.7,78.0,214882,83400000.0,74361726.79449677,7.75
Halloween,1978.0,A,91,"Horror, Thriller",7.7,87.0,233106,47000000.0,78722132.17228079,8.2
Le locataire,1976.0,R,126,"Drama, Thriller",7.7,71.0,39889,1924733.0,32491642.38522458,7.4
Blazing Saddles,1974.0,A,93,"Comedy, Western",7.7,73.0,125993,119500000.0,53093505.01959264,7.5
Serpico,1973.0,A,130,"Biography, Crime, Drama",7.7,87.0,109941,29800000.0,49252787.99126792,8.2
Enter the Dragon,1973.0,A,102,"Action, Crime, Drama",7.7,83.0,96561,25000000.0,46051392.91034424,8.0
Deliverance,1972.0,U,109,"Adventure, Drama, Thriller",7.7,80.0,98740,7056013.0,46572756.13017476,7.85
The French Connection,1971.0,A,104,"Action, Crime, Drama",7.7,94.0,110075,15630710.0,49284849.79551625,8.55
Dirty Harry,1971.0,A,102,"Action, Crime, Thriller",7.7,90.0,143292,35900000.0,57232588.241184354,8.35
The Odd Couple,1968.0,G,105,Comedy,7.7,86.0,31572,44527234.0,30501657.117060065,8.15
Belle de jour,1967.0,A,100,"Drama, Romance",7.7,77.97153024911032,40274,26331.0,32583760.25563979,7.748576512455516
A Man for All Seasons,1966.0,U,120,"Biography, Drama, History",7.7,72.0,31222,28350000.0,30417913.59850073,7.45
Goldfinger,1964.0,A,110,"Action, Adventure, Thriller",7.7,87.0,174119,51081062.0,64608478.0886904,8.2
The Birds,1963.0,A,119,"Drama, Horror, Mystery",7.7,90.0,171739,11403529.0,64039022.16248727,8.35
The Magnificent Seven,1960.0,Approved,128,"Action, Adventure, Western",7.7,74.0,87719,4905000.0,43935792.36434078,7.550000000000001
The Quiet Man,1952.0,Passed,129,"Comedy, Drama, Romance",7.7,77.97153024911032,34677,10550000.0,31244581.76027882,7.748576512455516
The African Queen,1951.0,PG,105,"Adventure, Drama, Romance",7.7,91.0,71481,536118.0,40050571.637581706,8.4
Fantasia,1940.0,G,125,"Animation, Family, Fantasy",7.7,96.0,88662,76408097.0,44161421.33005917,8.65
Searching,2018.0,U/A,102,"Drama, Mystery, Thriller",7.6,71.0,140840,26020957.0,68933411.54621065,7.35
Once Upon a Time... in Hollywood,2019.0,A,161,"Comedy, Drama",7.6,83.0,551309,142502728.0,167145178.1733873,7.95
Nelyubov,2017.0,R,127,Drama,7.6,86.0,29765,566356.0,42356807.76343131,8.1
The Florida Project,2017.0,A,111,Drama,7.6,92.0,95181,5904366.0,58008710.64935792,8.399999999999999
Gifted,2017.0,PG-13,101,Drama,7.6,60.0,99643,24801212.0,59076320.87739086,6.8
The Peanut Butter Falcon,2019.0,PG-13,97,"Adventure, Comedy, Drama",7.6,70.0,66346,13122642.0,51109441.05605209,7.3
Mustang,2015.0,PG-13,97,Drama,7.6,83.0,35785,845464.0,43797196.28265107,7.95
Guardians of the Galaxy Vol. 2,2017.0,UA,136,"Action, Adventure, Comedy",7.6,67.0,569974,389813101.0,171611100.38455617,7.15
Baby Driver,2017.0,UA,113,"Action, Crime, Drama",7.6,86.0,439406,107825862.0,140370461.15241635,8.1
Only the Brave,2017.0,UA,134,"Action, Biography, Drama",7.6,72.0,58371,18340051.0,49201285.16887975,7.4
Bridge of Spies,2015.0,UA,142,"Drama, History, Thriller",7.6,81.0,287659,72313754.0,104062381.97865616,7.85
Incredibles 2,2018.0,UA,118,"Animation, Action, Adventure",7.6,80.0,250057,608581744.0,95065456.8790381,7.8
Moana,2016.0,U,107,"Animation, Adventure, Comedy",7.6,81.0,272784,248757044.0,100503282.43988644,7.85
Sicario,2015.0,A,121,"Action, Crime, Drama",7.6,82.0,371291,46889293.0,124072776.10479976,7.899999999999999
Creed,2015.0,A,133,"Drama, Sport",7.6,82.0,247666,109767581.0,94493369.01368022,7.899999999999999
Leviafan,2014.0,R,140,"Crime, Drama",7.6,92.0,49397,1092800.0,47054101.353019714,8.399999999999999
Hell or High Water,2016.0,R,102,"Action, Crime, Drama",7.6,88.0,204175,26862450.0,84087399.39750326,8.2
Philomena,2013.0,PG-13,98,"Biography, Comedy, Drama",7.6,77.0,94212,37707719.0,57776860.73654664,7.65
Dawn of the Planet of the Apes,2014.0,UA,130,"Action, Adventure, Drama",7.6,79.0,411599,208545589.0,133717158.23647892,7.75
Serbuan maut,2011.0,A,101,"Action, Thriller",7.6,73.0,190531,4105123.0,80822837.77686644,7.449999999999999
End of Watch,2012.0,A,109,"Action, Crime, Drama",7.6,68.0,228132,41003371.0,89819523.60928857,7.199999999999999
Kari-gurashi no Arietti,2010.0,U,94,"Animation, Adventure, Family",7.6,80.0,80939,19202743.0,54601067.24558258,7.8
A Star Is Born,2018.0,UA,136,"Drama, Music, Romance",7.6,88.0,334312,215288866.0,115224914.46821724,8.2
True Grit,2010.0,PG-13,110,"Drama, Western",7.6,80.0,311822,171243005.0,109843795.23279344,7.8
H忙vnen,2010.0,R,118,"Drama, Romance",7.6,65.0,38491,1008098.0,44444653.314712286,7.05
Despicable Me,2010.0,U,95,"Animation, Comedy, Crime",7.6,72.0,500851,251513985.0,155072234.00348878,7.4
50/50,2011.0,R,100,"Comedy, Drama, Romance",7.6,72.0,315426,35014192.0,110706114.20675814,7.4
Kick-Ass,2010.0,UA,117,"Action, Comedy, Crime",7.6,66.0,524081,48071303.0,160630410.9638666,7.1
Moneyball,2011.0,PG-13,133,"Biography, Drama, Sport",7.6,87.0,369529,75605492.0,123651187.30565274,8.149999999999999
La piel que habito,2011.0,R,120,"Drama, Horror, Thriller",7.6,70.0,138959,3185812.0,68483349.95075345,7.3
Zombieland,2009.0,A,88,"Adventure, Comedy, Fantasy",7.6,73.0,520041,75590286.0,159663771.4924966,7.449999999999999
Sherlock Holmes,2009.0,PG-13,128,"Action, Adventure, Mystery",7.6,57.0,583158,209028679.0,174765599.09508657,6.65
The Blind Side,2009.0,UA,129,"Biography, Drama, Sport",7.6,53.0,293266,255959475.0,105403953.14597596,6.449999999999999
The Visitor,2007.0,PG-13,104,Drama,7.6,79.0,41544,9422422.0,45175136.06374514,7.75
Seven Pounds,2008.0,UA,123,Drama,7.6,36.0,286770,69951824.0,103849673.44151556,5.6
Eastern Promises,2007.0,R,100,"Action, Crime, Drama",7.6,82.0,227760,17114882.0,89730516.21241987,7.899999999999999
Stardust,2007.0,U,127,"Adventure, Family, Fantasy",7.6,66.0,255036,38634938.0,96256768.24734294,7.1
Inside Man,2006.0,R,129,"Crime, Drama, Mystery",7.6,76.0,339757,88513495.0,116527724.34980392,7.6
Gone Baby Gone,2007.0,R,114,"Crime, Drama, Mystery",7.6,72.0,250590,20300218.0,95192986.29444408,7.4
La Vie En Rose,2007.0,PG-13,140,"Biography, Drama, Music",7.6,66.0,82781,10301706.0,55041797.42040038,7.1
Huo Yuan Jia,2006.0,PG-13,104,"Action, Biography, Drama",7.6,70.0,72863,24633730.0,52668745.37162602,7.3
The Illusionist,2006.0,U,110,"Drama, Fantasy, Mystery",7.6,68.0,354728,39868642.0,120109793.5393784,7.199999999999999
Harry Potter and the Half-Blood Prince,2009.0,UA,153,"Action, Adventure, Family",7.6,78.0,474827,301959197.0,148845544.49781203,7.699999999999999
300,2006.0,A,117,"Action, Drama",7.6,52.0,732876,210614939.0,210588205.1283988,6.4
Match Point,2005.0,R,124,"Drama, Romance, Thriller",7.6,72.0,206294,23089926.0,84594406.58558083,7.4
Watchmen,2009.0,A,162,"Action, Drama, Mystery",7.6,56.0,500799,107509799.0,155059792.10930288,6.6
Lord of War,2005.0,R,122,"Action, Crime, Drama",7.6,62.0,294140,24149632.0,105613072.67517827,6.9
Saw,2004.0,UA,103,"Horror, Mystery, Thriller",7.6,46.0,379020,56000369.0,125922072.26178467,6.1
"Synecdoche, New York",2008.0,R,124,Drama,7.6,67.0,83158,3081925.0,55132001.15324843,7.15
Mysterious Skin,2004.0,R,105,Drama,7.6,73.0,65939,697181.0,51012059.30732751,7.449999999999999
Jeux d'enfants,2003.0,R,93,"Comedy, Drama, Romance",7.6,45.0,67360,548707.0,51352057.992678165,6.05
Un long dimanche de fian莽ailles,2004.0,U,133,"Drama, Mystery, Romance",7.6,76.0,70925,6167817.0,52205045.54600346,7.6
The Station Agent,2003.0,R,89,"Comedy, Drama",7.6,81.0,67370,5739376.0,51354450.66463697,7.85
21 Grams,2003.0,UA,124,"Crime, Drama, Thriller",7.6,70.0,224545,16290476.0,88961272.17765379,7.3
Boksuneun naui geot,2002.0,R,129,"Crime, Drama, Thriller",7.6,56.0,62659,45289.0,50227262.90482903,6.6
Finding Neverland,2004.0,U,106,"Biography, Drama, Family",7.6,67.0,198677,51680613.0,82771908.35453486,7.15
25th Hour,2002.0,R,135,Drama,7.6,68.0,169708,13060843.0,75840576.95698059,7.199999999999999
The Butterfly Effect,2004.0,U,113,"Drama, Sci-Fi, Thriller",7.6,30.0,451479,57938693.0,143259134.00831997,5.3
28 Days Later...,2002.0,A,113,"Drama, Horror, Sci-Fi",7.6,73.0,376853,45064915.0,125403580.24830472,7.449999999999999
The Royal Tenenbaums,2001.0,A,110,"Comedy, Drama",7.6,76.0,266842,52364010.0,99081556.7619456,7.6
Y tu mam谩 tambi茅n,2001.0,A,106,Drama,7.6,88.0,115827,13622333.0,62948621.17557228,8.2
Harry Potter and the Sorcerer's Stone,2001.0,U,152,"Adventure, Family, Fantasy",7.6,64.0,658185,317575550.0,192717099.00065112,7.0
The Others,2001.0,PG-13,101,"Horror, Mystery, Thriller",7.6,74.0,337651,96522687.0,116023827.63527286,7.5
Blow,2001.0,R,124,"Biography, Crime, Drama",7.6,52.0,240714,52990775.0,92829983.46789694,6.4
Enemy at the Gates,2001.0,A,131,"Drama, History, War",7.6,53.0,243729,51401758.0,93551374.06348622,6.449999999999999
Minority Report,2002.0,A,145,"Action, Crime, Mystery",7.6,80.0,508417,132072926.0,156882529.60754466,7.8
The Hurricane,1999.0,R,146,"Biography, Drama, Sport",7.6,74.0,91557,50668906.0,57141606.3314755,7.5
American Psycho,2000.0,A,101,"Comedy, Crime, Drama",7.6,64.0,490062,15070285.0,152490780.22709978,7.0
Lola rennt,1998.0,UA,81,"Crime, Drama, Thriller",7.6,77.0,188317,7267585.0,80293100.20517993,7.65
The Thin Red Line,1998.0,A,170,"Drama, War",7.6,78.0,172710,36400491.0,76558857.07902348,7.699999999999999
Mulan,1998.0,U,88,"Animation, Adventure, Family",7.6,71.0,256906,120620254.0,96704197.9036454,7.35
Fear and Loathing in Las Vegas,1998.0,R,118,"Adventure, Comedy, Drama",7.6,41.0,259753,10680275.0,97385391.61032628,5.85
Dark City,1998.0,A,100,"Mystery, Sci-Fi, Thriller",7.6,66.0,187927,14378331.0,80199785.99878538,7.1
Sleepers,1996.0,UA,147,"Crime, Drama, Thriller",7.6,49.0,186734,49100000.0,79914340.23409617,6.25
Lost Highway,1997.0,A,134,"Mystery, Thriller",7.6,52.0,131101,3796699.0,66603188.325499535,6.4
Sense and Sensibility,1995.0,U,136,"Drama, Romance",7.6,84.0,102598,43182776.0,59783355.4412272,8.0
Die Hard: With a Vengeance,1995.0,A,128,"Action, Adventure, Thriller",7.6,58.0,364420,100012499.0,122428771.20188296,6.699999999999999
Dead Man,1995.0,R,121,"Adventure, Drama, Fantasy",7.6,62.0,90442,1037847.0,56874823.4080652,6.9
The Bridges of Madison County,1995.0,A,135,"Drama, Romance",7.6,69.0,73172,71516617.0,52742678.93515408,7.25
Trois couleurs: Blanc,1994.0,U,92,"Comedy, Drama, Romance",7.6,88.0,64390,1464625.0,50641434.42090368,8.2
Falling Down,1993.0,R,113,"Action, Crime, Drama",7.6,56.0,171640,40903593.0,76302841.17942786,6.6
Dazed and Confused,1993.0,U,102,Comedy,7.6,78.0,165465,7993039.0,74825366.24484622,7.699999999999999
My Cousin Vinny,1992.0,UA,120,"Comedy, Crime",7.6,68.0,107325,52929168.0,60914371.47616923,7.199999999999999
Omohide poro poro,1991.0,U,118,"Animation, Drama, Romance",7.6,90.0,27071,453243.0,41712221.937720776,8.3
Delicatessen,1991.0,R,99,"Comedy, Crime",7.6,66.0,80487,1794187.0,54492918.4730432,7.1
Home Alone,1990.0,U,103,"Comedy, Family",7.6,63.0,488817,285761243.0,152192892.56822467,6.949999999999999
The Godfather: Part III,1990.0,A,162,"Crime, Drama",7.6,60.0,359809,66666062.0,121325510.1616634,6.8
When Harry Met Sally...,1989.0,UA,95,"Comedy, Drama, Romance",7.6,76.0,195663,92823600.0,82050757.0261414,7.6
The Little Mermaid,1989.0,U,83,"Animation, Family, Fantasy",7.6,88.0,237696,111543479.0,92107875.07072008,8.2
The Naked Gun: From the Files of Police Squad!,1988.0,U,85,"Comedy, Crime",7.6,76.0,152871,78756177.0,71812035.17988718,7.6
"Planes, Trains & Automobiles",1987.0,U,93,"Comedy, Drama",7.6,72.0,124773,49530280.0,65089105.50994766,7.4
Lethal Weapon,1987.0,A,109,"Action, Crime, Thriller",7.6,68.0,236894,65207127.0,91915982.77962136,7.199999999999999
Blood Simple,1984.0,A,99,"Crime, Drama, Thriller",7.6,82.0,87745,2150000.0,56229519.780766845,7.899999999999999
On Golden Pond,1981.0,UA,109,Drama,7.6,68.0,27650,119285432.0,41850757.64413738,7.199999999999999
Mad Max 2,1981.0,A,96,"Action, Adventure, Sci-Fi",7.6,77.0,166588,12465371.0,75094063.30582356,7.65
The Warriors,1979.0,UA,92,"Action, Crime, Thriller",7.6,65.0,93878,22490039.0,57696945.49312151,7.05
The Muppet Movie,1979.0,U,95,"Adventure, Comedy, Family",7.6,74.0,32802,76657000.0,43083462.23733008,7.5
Escape from Alcatraz,1979.0,A,112,"Action, Biography, Crime",7.6,76.0,121731,43000000.0,64361254.70006955,7.6
Midnight Express,1978.0,A,121,"Biography, Crime, Drama",7.6,59.0,73662,35000000.0,52859919.86113703,6.75
Close Encounters of the Third Kind,1977.0,U,138,"Drama, Sci-Fi",7.6,90.0,184966,132088635.0,79491315.83177376,8.3
The Long Goodbye,1973.0,A,112,"Comedy, Crime, Drama",7.6,87.0,26337,959000.0,41536599.81594217,8.149999999999999
Gi霉 la testa,1971.0,PG,157,"Drama, War, Western",7.6,77.0,30144,696690.0,42447490.03067124,7.65
Kelly's Heroes,1970.0,GP,144,"Adventure, Comedy, War",7.6,50.0,45338,1378435.0,46082915.80492783,6.3
The Jungle Book,1967.0,U,78,"Animation, Adventure, Family",7.6,65.0,166409,141843612.0,75051234.47776043,7.05
A Hard Day's Night,1964.0,U,87,"Comedy, Music, Musical",7.6,96.0,40351,13780024.0,44889690.299055934,8.6
From Here to Eternity,1953.0,Passed,118,"Drama, Romance, War",7.6,85.0,43374,30500000.0,45612995.03221226,8.05
